"","TESTUA","AD.NG","AD.TRINKOA","AD.LAGUNTZAILEA","ZA.LUZ0","ZA.LUZ1","EZEZKOESALDIA"
"1","ni",0,0,0,0,0,0
"2","normalean",0,0,0,1,0,0
"3","beti argala",0,0,0,1,0,0
"4","naiz",0,1,0,0,0,0
"5","nire guraso +",0,0,0,1,0,0
"6","+ak",0,0,0,0,0,0
"7","argala",0,0,0,1,0,0
"8","dira",0,1,0,0,0,0
"9","eta",0,0,0,0,0,0
"10","hala ere",0,0,0,0,0,0
"11","kirol asko",0,0,0,0,0,0
"12","egiten",1,0,0,0,0,0
"13","dut",0,0,1,0,0,0
"14","txikietatik",0,0,0,1,0,0
"15","eta",0,0,0,1,1,0
"16","nire gurasoek",0,0,0,0,0,1
"17","ez",0,0,0,0,0,1
"18","ez",0,0,0,0,0,1
"19","dit",0,0,1,0,0,1
"20","utzi",1,0,0,0,0,1
"21","liserkeri asko",0,0,0,1,0,1
"22","jatea",0,0,0,0,0,1
"23","jaten",0,0,0,0,0,1
"24","baina",0,0,0,1,0,0
"25","futbola",0,0,0,0,1,0
"26","utzi",1,0,0,0,0,0
"27","nuenean",0,0,1,0,0,0
"28","loditu",1,0,0,1,0,0
"29","nuen",0,0,1,0,1,0
"30","ez gehiegi baina bueno",0,0,0,1,0,0
"31","kilu",0,0,0,1,0,0
"32","kilu batzuk",0,0,0,0,0,0
"33","hori",0,0,0,1,0,1
"34",NA,0,0,0,1,0,1
"35","egia esateko",0,0,0,0,0,1
"36","izan",1,0,0,0,0,1
"37","zen",0,0,1,0,0,1
"38","kirola",0,0,0,0,0,1
"39","ez",0,0,0,0,0,1
"40","nuelako",0,0,1,0,0,1
"41","egin",1,0,0,0,0,1
"42","eta",0,0,0,1,0,1
"43","janari",0,0,0,1,0,1
"44","txarto",0,0,0,0,0,1
"45","jaten",1,0,0,0,0,1
"46","nuen",0,0,1,0,0,1
"47","nuelako",0,0,1,0,0,1
"48","orain",0,0,0,0,0,0
"49","zaintzen",1,0,0,1,0,0
"50",NA,0,0,0,0,0,0
"51","zaintzen",1,0,0,0,0,0
"52","naiz",0,0,1,0,0,0
"53","eta",0,0,0,1,0,0
"54","kirol gehiago",0,0,0,0,1,0
"55","egiten",1,0,0,1,0,0
"56","egiten",1,0,0,0,0,0
"57","dut",0,0,1,0,0,0
"58","eta horregatik",0,0,0,1,0,0
"59","nire fisikoa",0,0,0,1,0,0
"60","berreskuratu",1,0,0,1,0,0
"61","dut",0,0,1,0,0,0
"62","gizartea",0,0,0,0,0,0
"63",NA,0,0,0,0,0,0
"64","argala",0,0,0,1,0,0
"65","bueno+",0,0,0,0,0,0
"66",NA,0,0,0,0,0,0
"67","hedabideetan",0,0,0,0,0,0
"68","ikusi",1,0,0,1,0,0
"69","ikus",1,0,0,0,0,0
"70","dezakegu",0,0,1,0,0,0
"71","denak",0,0,0,0,0,0
"72","argalaak",0,0,0,1,0,0
"73","daudela",0,1,0,0,1,0
"74","eta",0,0,0,1,0,0
"75","hori",0,0,0,0,0,0
"76","gizarte+",0,0,0,1,0,0
"77","+ari",0,0,0,0,0,0
"78","sortzen",1,0,0,0,0,0
"79","digute",0,0,1,0,0,0
"80","obsesioi bat",0,0,0,0,0,0
"81","azkenean",0,0,0,0,0,0
"82","kate batean",0,0,0,0,0,0
"83",NA,0,0,0,0,0,0
"84","aurkezlari guztiak",0,0,0,0,0,0
"85","argalak",0,0,0,0,0,0
"86",NA,0,0,0,1,0,0
"87","badaude",0,1,0,0,0,0
"88","zuk",0,0,0,0,0,0
"89","horrekin",0,0,0,0,0,0
"90","geratzen",1,0,0,0,0,0
"91","zaizu",0,0,1,0,0,0
"92","eta azkenean",0,0,0,1,0,0
"93","zuk",0,0,0,0,0,0
"94",NA,0,0,0,0,0,0
"95","han",0,0,0,0,0,0
"96","ikusi",1,0,0,0,0,0
"97","duzu",0,0,1,0,0,0
"98","zure+",0,0,0,1,0,0
"99","+ prototipoa",0,0,0,0,0,0
"100","baina",0,0,0,1,0,0
"101",NA,0,0,0,0,1,0
"102","pertsona +",0,0,0,1,0,0
"103","pertsona horiek",0,0,0,0,0,0
"104","argal+",0,0,0,0,0,0
"105","+ argalago",0,0,0,0,0,0
"106","nahi",1,0,0,0,0,0
"107",NA,0,0,0,0,0,0
"108","dutenak",0,0,1,0,0,0
"109","bai",0,0,0,0,0,0
"110","nik ul +.",0,0,0,0,0,0
"111",NA,0,0,0,0,0,0
"112","batzuetan",0,0,0,0,0,0
"113","arazo psikologikoak",0,0,0,0,0,0
"114","dauzkate",0,1,0,0,0,0
"115","ez",0,0,0,0,0,1
"116","zaude",0,1,0,0,0,1
"117","ados",0,0,0,0,0,1
"118","bere+",0,0,0,0,0,1
"119","bere buruarekin",0,0,0,0,0,1
"120","edo",0,0,0,1,0,1
"121","ez",0,0,0,0,0,1
"122","daukate",0,1,0,0,0,1
"123","bikotea",0,0,0,0,0,1
"124","eta",0,0,0,1,0,1
"125","uste",1,0,0,0,0,1
"126","zuten",0,0,1,1,0,1
"127",NA,0,0,0,0,0,1
"128","uste",1,0,0,0,0,1
"129","zuten",0,0,1,0,0,1
"130","lodia",0,0,0,1,0,1
"131","egon",0,0,0,1,0,1
"132","zaudetelako",0,1,0,0,0,1
"133","edo",0,0,0,1,0,1
"134","edo gauza horiek",0,0,0,0,0,1
"135",NA,0,0,0,0,0,0
"136","orduan",0,0,0,0,0,0
"137","horren ondorioz",0,0,0,0,0,0
"138","batzuetan",0,0,0,0,0,0
"139","kirol gehiege",0,0,0,0,0,0
"140","egiten",1,0,0,0,0,0
"141","dute",0,0,1,0,0,0
"142",NA,0,0,0,0,0,0
"143","argaltzeko",0,0,0,0,0,0
"144","edo",0,0,0,1,0,0
"145","dieta+",0,0,0,0,0,0
"146","+ gogorrak",0,0,0,0,0,0
"147","egiten",1,0,0,0,0,0
"148","dute",0,0,1,1,0,0
"149","bere",0,0,0,1,0,0
"150","helburua lortzeko",0,0,0,0,0,0
"151","hori",0,0,0,0,0,0
"152","hori",0,0,0,0,0,0
"153","sortzen",1,0,0,1,0,0
"154",NA,0,0,0,0,1,0
"155",NA,0,0,0,0,0,0
"156","sortzen",1,0,0,0,0,0
"157","daiteke",0,0,1,1,0,0
"158",NA,0,0,0,0,1,0
"159","daitezke",0,0,0,0,0,0
"160","gaixotasunak",0,0,0,0,0,0
"161","barkatu",1,0,0,0,0,0
"162","hori",0,0,0,0,0,0
"163","sor",1,0,0,0,0,0
"164","sor",1,0,0,0,0,0
"165","deza+",0,0,1,0,0,0
"166","+kete",0,0,0,0,0,0
"167",NA,0,0,0,0,0,0
"168","ditzakete",0,0,1,0,0,0
"169","gaixotasunak",0,0,0,1,0,0
"170","ta bueno horrela",0,0,0,0,0,0
"171","nire",0,0,0,0,0,0
"172","nire gaia",0,0,0,0,0,0
"173","da",0,1,0,0,0,0
"174","alkohola beti kaltegarria",0,0,0,0,0,0
"175","dakigunez",0,0,0,0,0,0
"176","alkohola",0,0,0,0,0,0
"177","oso zabalduta",0,0,0,0,0,0
"178","gizartean",0,0,0,0,0,0
"179","eta",0,0,0,1,0,0
"180","edozein lekutan",0,0,0,0,1,0
"181","eros",1,0,0,0,0,0
"182","dezakegu",0,0,1,0,0,0
"183","taberna batean",0,0,0,0,0,0
"184","edo",0,0,0,1,0,0
"185","pertson guztiei",0,0,0,1,0,0
"186","?",0,0,0,0,1,0
"187","saltzen",1,0,0,0,0,0
"188",NA,0,0,0,0,0,0
"189","diete",0,0,1,0,0,0
"190","eta",0,0,0,1,0,0
"191",NA,0,0,0,0,1,0
"192","digute",0,0,1,0,0,0
"193","eta",0,0,0,1,0,0
"194","baita",0,0,0,0,0,0
"195","supermerkatuan",0,0,0,0,0,0
"196","hau",0,0,0,0,0,0
"197","bebai",0,0,0,0,0,0
"198",NA,0,0,0,0,0,0
"199",NA,0,0,0,0,0,0
"200","alkohola",0,0,0,0,0,0
"201","onartuta",0,0,0,0,0,0
"202","dago",0,1,0,0,0,0
"203","gizartean",0,0,0,0,0,0
"204","porroak",0,0,0,0,0,1
"205","nahiz eta zabalduta egon",0,0,0,1,0,1
"206","ez",0,0,0,0,0,1
"207","daude",0,1,0,1,0,1
"208","onartuta baina alkohola bai",0,0,0,0,0,1
"209","zure lagunari",0,0,0,0,0,1
"210","ikusi",1,0,0,0,0,1
"211","ba",0,0,0,1,0,1
"212","zure laguna",0,0,0,0,0,1
"213","ikusi",1,0,0,0,0,1
"214","baduzu",0,0,1,0,0,1
"215",NA,0,0,0,0,0,1
"216","kopa bat edaten",0,0,0,0,0,1
"217","ez",0,0,0,0,0,1
"218","da",0,0,1,0,0,1
"219","ezer",0,0,0,0,0,1
"220","gertatzen",1,0,0,0,0,1
"221","baina",0,0,0,0,0,1
"222","porro bat",0,0,0,0,0,1
"223","erretzen",0,0,0,0,0,1
"224","bada",0,0,1,0,0,1
"225","desberdina",0,0,0,0,0,0
"226","da",0,1,0,0,0,0
"227",NA,0,0,0,0,0,0
"228","nahiz eta biak",0,0,0,0,0,0
"229","droga",0,0,0,1,0,0
"230","izan",0,0,0,0,0,0
"231","gainera",0,0,0,0,0,0
"232","alkohola",0,0,0,0,0,0
"233",NA,0,0,0,0,0,0
"234","kultura handia",0,0,0,0,0,0
"235","dauka",0,1,0,0,0,0
"236","gizartean",0,0,0,0,0,0
"237","zu",0,0,0,1,0,0
"238","zure lagunarekin",0,0,0,0,0,0
"239","joango",1,0,0,0,0,0
"240","bazara",0,0,1,0,0,0
"241","afaltzera",0,0,0,0,0,0
"242","normalean",0,0,0,0,0,0
"243","botila bat+",0,0,0,0,0,0
"244","+ardo",0,0,0,0,0,0
"245","eramaten",1,0,0,1,0,0
"246","zuen",0,0,1,0,1,0
"247","eta",0,0,0,0,0,0
"248","gainera",0,0,0,1,0,0
"249","ondo",0,0,0,1,1,0
"250","ondo",0,0,0,0,1,0
"251","dago",0,1,0,0,0,0
"252","hori",0,0,0,0,0,0
"253","ardoa oparaitzea",0,0,0,0,0,0
"254","edo alkohola",0,0,0,0,0,0
"255",NA,0,0,0,0,0,0
"256","oparitzea",0,0,0,0,0,0
"257","gazteen",0,0,0,0,0,0
"258","gazteen artean",0,0,0,0,0,0
"259","beste gauza bat",0,0,0,1,0,0
"260","gertatzen",1,0,0,1,1,0
"261","gertatzen",1,0,0,0,0,0
"262","da",0,0,1,0,0,0
"263",NA,0,0,0,0,0,0
"264","gazteak",0,0,0,0,0,0
"265","gero eta gehiago",0,0,0,1,0,0
"266","edaten",1,0,0,0,1,0
"267","dute",0,0,1,0,0,0
"268","gazteek",0,0,0,0,0,0
"269","gero eta gehiago",0,0,0,0,0,0
"270","edaten",1,0,0,0,0,0
"271","dute",0,0,1,0,0,0
"272","baina",0,0,0,0,0,0
"273","egia da",0,0,0,0,0,0
"274","bakarrik",0,0,0,0,0,0
"275","edaten",1,0,0,1,0,0
"276","dutela",0,0,1,0,0,0
"277","asteburu",0,0,0,1,0,0
"278","astebururo",0,0,0,0,0,0
"279","asteburuero",0,0,0,0,0,0
"280","astebururo",0,0,0,0,0,0
"281",NA,0,0,0,0,0,0
"282",NA,0,0,0,0,0,0
"283","?",0,0,0,0,0,0
"284","nik",0,0,0,0,0,0
"285","adibidez",0,0,0,1,0,0
"286","gaztea",0,0,0,0,1,0
"287","nintzenean",0,1,0,0,0,0
"288","ba hori",0,0,0,0,0,0
"289",NA,0,0,0,0,0,0
"290","parrandaz irteteko",0,0,0,0,0,0
"291","zeozer",0,0,0,0,0,0
"292","edan",0,0,0,0,0,0
"293","behar",1,0,0,0,0,0
"294","genuen",0,0,1,0,0,0
"295",NA,0,0,0,0,0,0
"296","bot+",0,0,0,0,0,0
"297","+til tzarra",0,0,0,0,0,0
"298","egingo",1,0,0,1,0,0
"299","genuen",0,0,1,0,1,0
"300",NA,0,0,0,1,0,0
"301","laguna",0,0,0,0,1,0
"302","argi",0,0,0,0,0,0
"303","dago",0,1,0,0,0,0
"304","alkohola",0,0,0,0,0,0
"305",NA,0,0,0,0,0,0
"306","kaltegarria",0,0,0,0,0,0
"307","dela",0,1,0,0,0,0
"308","nahiz eta",0,0,0,1,0,0
"309","drogaren zerrendan",0,0,0,0,0,0
"310","ez",0,0,0,0,0,0
"311",NA,0,0,0,0,0,0
"312","ez egon",0,0,0,0,0,0
"313","sartuta",0,0,0,0,0,0
"314","droga gogorra",0,0,0,0,0,0
"315","da",0,1,0,0,0,0
"316",NA,0,0,0,0,0,0
"317","alkohola",0,0,0,0,0,0
"318","alkoholikoak",0,0,0,0,0,0
"319",NA,0,0,0,0,0,0
"320","bai",0,0,0,0,0,0
"321",NA,0,0,0,0,0,0
"322","hil",1,0,0,0,0,0
"323",NA,0,0,0,0,0,0
"324","alkoholikoak",0,0,0,0,0,0
"325","hil",1,0,0,0,0,0
"326","dezakete",0,0,1,0,0,0
"327","hil",1,0,0,0,0,0
"328","daitezke",0,0,1,0,0,0
"329",NA,0,0,0,0,0,0
"330","alkoholagatik",0,0,0,0,0,0
"331","hau da",0,0,0,0,0,1
"332","berak",0,0,0,0,0,1
"333","bapatean",0,0,0,0,0,1
"334","ez",0,0,0,0,0,1
"335","badute",0,0,1,0,0,1
"336","alkohol bat+",0,0,0,0,0,1
"337","+ batek",0,0,0,0,0,1
"338","bapatean",0,0,0,0,0,1
"339","ez",0,0,0,0,0,1
"340","badu",0,0,1,0,0,1
"341","edan",1,0,0,0,0,1
"342","bere gorputza",0,0,0,1,0,1
"343","ezin",0,0,0,0,1,1
"344","du",0,0,1,0,0,1
"345","jasan",1,0,0,0,0,1
"346","eta",0,0,0,1,0,0
"347","hil",1,0,0,0,1,0
"348","hil",1,0,0,0,0,0
"349","dezake",0,0,1,0,0,0
"350","hil",1,0,0,0,0,0
"351","daiteke",0,0,1,0,0,0
"352","bai",0,0,0,0,0,0
"353","gainera",0,0,0,0,0,0
"354","alkohola",0,0,0,0,0,0
"355","zaila",0,0,0,1,0,0
"356","oso zaila",0,0,0,0,1,0
"357","da",0,1,0,0,0,0
"358","uztea",0,0,0,0,0,0
"359",NA,0,0,0,0,0,0
"360",NA,0,0,0,0,0,0
"361","arazo",0,0,0,1,0,0
"362","alkohola uzteko",0,0,0,0,0,0
"363","arazo handiena",0,0,0,0,0,0
"364","da",0,1,0,0,0,0
"365","gizartean",0,0,0,0,0,0
"366","oso zabalduta",0,0,0,1,0,0
"367","dago",0,1,0,0,1,0
"368","eta",0,0,0,0,0,0
"369","edozein leku",0,0,0,1,0,0
"370","daukazu",0,1,0,0,0,0
"371","zure",0,0,0,1,0,0
"372","xxx",0,0,0,0,0,0
"373","xx",0,0,0,0,0,0
"374","gainera",0,0,0,0,0,0
"375","ahalkoholaren ondorioz",0,0,0,0,0,0
"376",NA,0,0,0,0,0,0
"377","zure burmuina",0,0,0,0,0,0
"378","burmuina eta zure gibela",0,0,0,0,0,0
"379","okertzen",1,0,0,1,0,0
"380","okertzen",1,0,0,1,0,0
"381","dira",0,0,1,0,1,0
"382","eta",0,0,0,1,0,1
"383","nahiz eta eskola utzi",0,0,0,0,0,1
"384","utzi",0,0,0,0,0,1
"385","ez",0,0,0,0,0,1
"386","duzu",0,0,1,1,0,1
"387","ez",0,0,0,0,0,1
"388","duzu",0,0,1,1,0,1
"389",NA,0,0,0,0,0,1
"390",NA,0,0,0,0,0,1
"391","berreskuratuko",1,0,0,0,0,1
"392","berreskuratuko bai",0,0,0,0,0,0
"393","horregatik nire ustez",0,0,0,0,0,0
"394","alkohola",0,0,0,0,0,0
"395","sartu",0,0,0,0,0,0
"396","behar",1,0,0,0,0,0
"397","dugu",0,0,1,1,0,0
"398","drogaren zerrendan",0,0,0,0,0,0
"399","ta gainera droga",0,0,0,0,0,0
"400",NA,0,0,0,0,0,0
"401",NA,0,0,0,0,0,0
"402","gogorretan",0,0,0,0,0,0
"403","eta",0,0,0,1,0,0
"404",NA,0,0,0,0,0,0
"405","ta debatu",0,0,0,1,0,0
"406","nahiz eta debekatu ez arren +",0,0,0,0,0,0
"407",NA,0,0,0,0,0,0
"408","bai? nahikoa da?",0,0,0,0,0,0
"409","nahi duzu?",0,0,0,0,0,0
"410","nire gaia",0,0,0,0,0,0
"411","da",0,1,0,0,0,0
"412","musika eta pirateria",0,0,0,0,0,0
"413","argi",0,0,0,0,0,0
"414","dago",0,1,0,0,0,0
"415","gure +",0,0,0,1,0,0
"416",NA,0,0,0,0,1,0
"417","+ gurasoren garaiatik hona",0,0,0,0,0,0
"418","ohiturak",0,0,0,0,0,0
"419","aldatu",0,0,0,1,0,0
"420","dira",0,0,1,0,0,0
"421","lehen",0,0,0,0,0,0
"422","gure gurasoek",0,0,0,0,0,0
"423","irratia",0,0,0,1,0,0
"424","entzuten",1,0,0,0,0,0
"425","dute",0,0,1,1,0,0
"426","musika",0,0,0,0,0,0
"427","eta",0,0,0,0,0,0
"428","edo",0,0,0,1,0,0
"429","herriko jaietan",0,0,0,0,1,0
"430","dantzatzen",1,0,0,1,0,0
"431",NA,0,0,0,0,0,0
"432",NA,0,0,0,1,0,0
"433","zutenean",0,0,1,0,0,0
"434","baina",0,0,0,1,0,0
"435","argi dago",0,0,0,0,1,0
"436","gero eta musika gehiago",0,0,0,0,0,0
"437","entzuten",1,0,0,1,0,0
"438","dugu",0,0,1,0,0,0
"439","bai",0,0,0,1,0,0
"440","kaletik",0,0,0,0,0,0
"441","ibiltzen",0,0,0,0,0,0
"442","emepetres batekin",0,0,0,0,0,0
"443","edo bai",0,0,0,1,0,0
"444","etxean",0,0,0,1,1,0
"445","gaudenean",0,1,0,0,0,0
"446","interneten",0,0,0,1,0,0
"447","interneten bidez edo",0,0,0,1,0,0
"448","edo",0,0,0,1,0,0
"449","beste aukera batzuk",0,0,0,0,0,0
"450","daukagu",0,1,0,0,0,0
"451","entzuteko",0,0,0,0,0,0
"452",NA,0,0,0,0,0,0
"453","internet",0,0,0,0,0,0
"454",NA,0,0,0,0,0,0
"455","asko",0,0,0,0,0,0
"456","lagundu",1,0,0,1,0,0
"457","lagundu",1,0,0,0,0,0
"458","du",0,0,1,0,0,0
"459","musika lortzeko",0,0,0,0,0,0
"460","gero eta",0,0,0,1,0,0
"461",NA,0,0,0,0,0,0
"462","abesti gehiago",0,0,0,0,0,0
"463","lortu",1,0,0,1,0,0
"464","entzun",1,0,0,0,0,0
"465","dezakegu",0,0,1,1,0,0
"466","nahiz eta",0,0,0,1,0,0
"467","hurrun",0,0,0,0,0,0
"468","egon",0,0,0,0,0,0
"469","era",0,0,0,1,0,0
"470","era berean",0,0,0,0,1,0
"471","gai honetan",0,0,0,0,0,0
"472","abeslari asko",0,0,0,0,0,0
"473","daude",0,1,0,0,0,0
"474","nire ustez",0,0,0,0,0,0
"475","gehienak",0,0,0,0,0,0
"476","dira",0,1,0,1,0,0
"477","txarrak",0,0,0,0,1,0
"478","baina",0,0,0,1,0,0
"479","diskografikak",0,0,0,1,1,0
"480","diskografikari",0,0,0,1,0,0
"481","diskografikei esker",0,0,0,0,0,0
"482","disko asko",0,0,0,1,0,0
"483","saltzen",1,0,0,1,1,0
"484","dituzte",0,0,1,0,0,0
"485","horregatik",0,0,0,0,0,0
"486","prezioak",0,0,0,0,0,0
"487","igotzen",1,0,0,1,0,0
"488","igo",1,0,0,1,0,0
"489",NA,0,0,0,0,0,0
"490","diskoren prezioak",0,0,0,0,0,0
"491","igotzen",1,0,0,1,0,0
"492",NA,0,0,0,0,0,0
"493","dute",0,0,1,0,0,0
"494","azkenean",0,0,0,0,0,0
"495","jende asko",0,0,0,0,0,0
"496","dago",0,1,0,1,0,0
"497","erdian",0,0,0,0,0,0
"498","produktoreak diskografikak eta ez dakit zenbat jende",0,0,0,1,0,0
"499","orduan",0,0,0,0,0,0
"500","horren ondorioz",0,0,0,0,0,0
"501",NA,0,0,0,0,0,0
"502","pirateria",0,0,0,0,0,0
"503","sortu",1,0,0,1,0,0
"504","sortu",1,0,0,0,1,0
"505","da",0,0,1,0,0,0
"506","eta",0,0,0,1,0,0
"507","aukera bat",0,0,0,0,0,0
"508","da",0,1,0,0,0,0
"509","musika lortzeko",0,0,0,1,0,0
"510","merke",0,0,0,1,0,0
"511","merkeago",0,0,0,0,0,0
"512","nire gaia",0,0,0,0,0,0
"513","da",0,1,0,1,0,0
"514","hiltzea",0,0,0,0,0,0
"515","argi",0,0,0,0,0,0
"516","dago",0,1,0,0,0,0
"517","denok",0,0,0,0,0,0
"518","hilko",1,0,0,1,0,0
"519","dugula",0,0,1,0,1,0
"520","hilko",1,0,0,0,0,0
"521","garela",0,0,1,0,0,0
"522",NA,0,0,0,0,0,0
"523","beranduago edo goizeago a",0,0,0,1,0,0
"524","denok",0,0,0,0,0,0
"525","XX",1,0,0,0,0,0
"526","gara",0,0,1,0,0,0
"527","txikitatik",0,0,0,0,0,1
"528","adibidez",0,0,0,0,0,1
"529","ez",0,0,0,1,0,1
"530","daukagu",0,1,0,0,1,1
"531","beldurrik",0,0,0,0,0,1
"532","helduak",0,0,0,0,0,1
"533","garenean",0,1,0,0,0,1
"534","ez",0,0,0,0,0,1
"535","dugu",0,0,1,0,0,1
"536","asko",0,0,0,0,0,1
"537","pentsaten",1,0,0,0,0,1
"538","pentsatzen",1,0,0,0,0,1
"539","eta",0,0,0,1,0,NA
"540",NA,0,0,0,0,1,NA
"541","zaharrak",0,0,0,0,0,NA
"542","izango",1,0,0,0,0,NA
"543",NA,0,0,0,0,0,NA
"544","garenean",0,0,1,0,0,NA
"545","ziuraski",0,0,0,1,0,NA
"546",NA,0,0,0,0,0,NA
"547","beldurra",0,0,0,0,0,NA
"548","hartuko",1,0,0,0,0,NA
"549","dugu",0,0,1,0,0,NA
"550","hiltzea",0,0,0,0,0,NA
"551","hurbil",0,0,0,1,0,NA
"552",NA,0,0,0,0,0,NA
"553","hurbil",0,0,0,0,0,NA
"554","gaudelako",0,1,0,0,0,NA
"555","ikusi",0,0,0,0,0,NA
"556","gaudelako",0,1,0,0,0,NA
"557","desberdin +",0,0,0,0,0,NA
"558","+tasun +",0,0,0,0,0,NA
"559","+ asko",0,0,0,0,0,NA
"560","dago",0,1,0,0,0,NA
"561",NA,0,0,0,0,0,NA
"562","hiltzeko",0,0,0,1,0,NA
"563","forman",0,0,0,0,0,NA
"564","hau da",0,0,0,0,0,1
"565",NA,0,0,0,0,0,1
"566",NA,0,0,0,0,0,1
"567","batbatean",0,0,0,0,0,1
"568","hiltzea",0,0,0,0,0,1
"569","ezin",0,0,0,0,0,1
"570","duzu",0,0,1,1,0,1
"571","ezer",0,0,0,0,1,1
"572","egin",1,0,0,0,0,1
"573","argi dago",0,0,0,0,0,NA
"574","baina",0,0,0,1,0,NA
"575","apurkaapurka",0,0,0,0,0,NA
"576","hiltzen",1,0,0,0,0,NA
"577","baduzu",0,0,1,0,0,NA
"578","arazo gehiago",0,0,0,0,0,NA
"579","sortzen",1,0,0,1,0,NA
"580","sortzen",1,0,0,0,0,NA
"581","dira",0,0,1,0,0,NA
"582","zoritxarrez",0,0,0,0,0,NA
"583",NA,0,0,0,0,0,NA
"584","kasu batzuetan",0,0,0,0,0,NA
"585","mina asko",0,0,0,1,0,NA
"586","sentitzen",1,0,0,1,1,NA
"587","dugu",0,0,1,0,0,NA
"588","gaisotasun",0,0,0,0,0,NA
"589","bat",0,0,0,0,0,NA
"590","jota",0,0,0,1,0,NA
"591","gaudela",0,1,0,1,1,NA
"592","ta",0,0,0,0,0,NA
"593","edo",0,0,0,1,0,1
"594","ezin",0,0,0,0,0,1
"595","duzu",0,0,1,0,0,1
"596","ezer",0,0,0,0,0,1
"597","egin",1,0,0,0,0,1
"598","ohe",0,0,0,0,0,1
"599","batean",0,0,0,0,0,1
"600","etzanda",0,0,0,1,0,1
"601","zaudela+",0,1,0,1,1,1
"602","zaudelako",0,1,0,0,0,1
"603","horregatik kasu horretan",0,0,0,0,0,0
"604","nire ustez",0,0,0,0,0,0
"605",NA,0,0,0,0,0,0
"606","aukeratu",0,0,0,0,0,0
"607","behar",1,0,0,1,0,0
"608","aukeratu",0,0,0,0,0,0
"609","aukeratzea",0,0,0,0,0,0
"610","ahal",0,0,0,0,0,0
"611","behar",1,0,0,0,0,0
"612","dugu",0,0,1,0,0,0
"613","bizi nahi",0,0,0,0,0,0
"614","jarraitu",0,0,0,0,0,0
"615","nahi",1,0,0,0,0,0
"616","badugu",0,0,1,0,0,0
"617","ala",0,0,0,1,0,0
"618","hiltzea",0,0,0,0,0,0
"619","baina hori bai",0,0,0,0,0,0
"620","hori",0,0,0,0,0,0
"621",NA,0,0,0,0,0,0
"622","pentsatu",0,0,0,0,0,0
"623","behar",1,0,0,0,0,0
"624","dugu",0,0,1,0,0,0
"625","okertu baino",0,0,0,1,0,0
"626","baino lehen",0,0,0,0,0,0
"627","ondo",0,0,0,0,0,0
"628","gaudenean",0,1,0,0,0,0
"629","horregatik",0,0,0,0,0,0
"630","bebai",0,0,0,0,0,0
"631","oso garrantzitsua",0,0,0,0,0,0
"632","da",0,1,0,0,0,0
"633","nire ustez",0,0,0,0,0,0
"634","testamentu bat egitea",0,0,0,0,0,0
"635","momentu hori heldu baino lehen",0,0,0,0,0,0
"636","zure kontzientzia osoa",0,0,0,1,0,0
"637","ondo edukitzeko",0,0,0,0,0,0
"638","beraz",0,0,0,0,0,0
"639","nik",0,0,0,0,0,0
"640","ados",0,0,0,0,0,0
"641","nago",0,1,0,0,0,0
"642","eutanasiarekin",0,0,0,0,0,0
"643","baina",0,0,0,1,0,0
"644",NA,0,0,0,0,0,0
"645","mugatu",0,0,0,0,0,0
"646","behar",1,0,0,0,0,0
"647","da",0,0,1,0,0,0
"648","eta",0,0,0,1,0,0
"649","kasu",0,0,0,1,0,0
"650","zehatz",0,0,0,0,0,0
"651","zeha+",0,0,0,0,0,0
"652","+tzetan",0,0,0,0,0,0
"653","bestela",0,0,0,1,0,0
"654","jendea",0,0,0,1,0,0
"655","XXXX",0,0,0,0,0,0
"656","nahi",1,0,0,0,0,0
"657","duena",0,0,1,0,0,0
"658","lehendik eta behin",0,0,0,0,0,0
"659","okupazioari buruz",0,0,0,0,0,0
"660","desberdin+",0,0,0,0,0,0
"661","+du",0,0,0,0,0,0
"662","behar",1,0,0,0,0,0
"663","dugu",0,0,1,0,0,0
"664","zein",0,0,0,0,0,0
"665","den",0,1,0,0,0,0
"666","onura pertsonala",0,0,0,0,0,0
"667","eta",0,0,0,0,0,0
"668","zein",0,0,0,0,0,0
"669","den",0,1,0,0,0,0
"670","gizarteko onura",0,0,0,1,0,0
"671","hau da",0,0,0,0,0,0
"672","etxe bat",0,0,0,0,0,0
"673","okupatzen",1,0,0,0,0,0
"674","badugu",0,0,0,0,0,0
"675","gure",0,0,0,0,0,0
"676","onurak",0,0,0,0,0,0
"677",NA,0,0,0,1,0,0
"678","izango",1,0,0,0,1,0
"679","dira",0,0,1,0,0,0
"680","alokairua",0,0,0,1,0,0
"681","aurresteko edo",0,0,0,1,0,0
"682","?",0,0,0,0,0,0
"683","edo etxe bat ez erosteko",0,0,0,0,0,0
"684","hori",0,0,0,0,0,0
"685","txarra",0,0,0,0,0,0
"686","txarto",0,0,0,0,0,0
"687","iruditzen",1,0,0,0,0,0
"688","zait",0,0,1,0,0,0
"689","baina",0,0,0,1,0,1
"690","beste aldetik",0,0,0,0,0,1
"691","lantegi zahar bat edo leku publiko bat",0,0,0,1,0,1
"692",NA,0,0,0,0,0,1
"693","huts",0,0,0,0,0,1
"694","huts",0,0,0,0,0,1
"695","huts",0,0,0,0,0,1
"696","dago",0,1,0,1,0,1
"697","dagoen",0,1,0,0,0,1
"698",NA,0,0,0,0,0,1
"699","?",0,0,0,0,0,1
"700","okupatu",0,0,0,0,0,1
"701","ez",0,0,0,0,0,1
"702","zait",0,0,1,0,0,1
"703","hain",0,0,0,0,0,1
"704","oso",0,0,0,0,0,1
"705","ez",0,0,0,0,0,1
"706","zait",0,0,0,0,0,1
"707","iruditzen",1,0,0,0,0,1
"708","oso",0,0,0,0,0,1
"709","txarra",0,0,0,0,0,1
"710","adibidez",0,0,0,0,0,0
"711","kukutzea",0,0,0,1,0,0
"712","kukutzaren kasuan",0,0,0,1,0,0
"713","txarto",0,0,0,0,0,0
"714","iruditzen",1,0,0,0,0,0
"715","zait",0,0,1,0,0,0
"716","kaleratu",1,0,0,1,0,0
"717",NA,0,0,0,0,0,0
"718","zituztela",0,0,1,0,0,0
"719","urte pilo eraten+",0,0,0,1,0,0
"720","?",0,0,0,0,1,0
"721","eramaten",0,0,0,0,0,0
"722","ekintza",0,0,0,1,0,0
"723","ekintzak egiten eta",0,0,0,1,0,0
"724","ekintzak egiten",0,0,0,0,0,0
"725","gainera",0,0,0,0,0,0
"726","errespetu",0,0,0,0,0,0
"727",NA,0,0,0,0,0,0
"728","zeuzkaten",0,1,0,0,0,0
"729","errespetu",0,0,0,0,0,0
"730","zeukaten",0,1,0,0,0,0
"731",NA,0,0,0,1,0,0
"732","auzokiderekiko",0,0,0,0,0,0
"733","azkenean",0,0,0,0,0,0
"734",NA,0,0,0,0,0,0
"735","auzokideak",0,0,0,0,0,0
"736","kukutzaren parte",0,0,0,1,0,0
"737","hartzen",1,0,0,0,0,0
"738","zuten",0,0,1,0,0,0
"739","eta",0,0,0,1,0,0
"740","han",0,0,0,0,1,0
"741","ikusten",1,0,0,1,0,0
"742","da",0,0,1,0,1,0
"743","proiektu hori",0,0,0,0,0,1
"744","ez",0,0,0,0,0,1
"745","zen",0,1,0,1,0,1
"746","?",0,0,0,0,1,1
"747","txarra",0,0,0,0,0,1
"748",NA,0,0,0,1,0,1
"749","auzoentzat",0,0,0,0,0,1
"750","sestao",0,0,0,0,0,0
"751","sestaon orain",0,0,0,0,0,0
"752","proiektu bat",0,0,0,0,0,0
"753","dago",0,1,0,0,0,0
"754","kukutza",0,0,0,1,0,0
"755","bezalakoa",0,0,0,0,0,0
"756",NA,0,0,0,0,0,0
"757","xxx",0,0,0,0,0,0
"758","aatxeube bulego",0,0,0,1,0,0
"759","bulegoak",0,0,0,1,1,0
"760","okupatu",1,0,0,1,0,0
"761","zuten",0,0,1,0,1,0
"762",NA,0,0,0,0,0,0
"763",NA,0,0,0,0,0,0
"764","okupatu",1,0,0,0,0,0
"765","dute",0,0,0,0,0,0
"766","eta",0,0,0,0,0,0
"767",NA,0,0,0,0,0,0
"768","ekintzak",0,0,0,0,0,0
"769","bulegoa garbitu eta gero",0,0,0,0,0,0
"770","prestatu nahi",0,0,0,1,0,0
"771",NA,0,0,0,0,1,0
"772",NA,0,0,0,0,0,0
"773","bulegoak",0,0,0,0,0,0
"774","prestatu",0,0,0,0,0,0
"775","nahi",1,0,0,1,0,0
"776","dituzte",0,0,1,0,0,0
"777","ekintzak",0,0,0,0,0,0
"778","egiteko",0,0,0,0,0,0
"779","bai",0,0,0,1,0,0
"780",NA,0,0,0,0,0,0
"781","sestaoko bizilagunentzat bai",0,0,0,1,0,0
"782","kanpokoentzat",0,0,0,0,0,0
"783","baina",0,0,0,0,0,0
"784","zer",0,0,0,0,0,0
"785","gertatzen",1,0,0,0,0,0
"786","da",0,0,1,0,0,0
"787","udala",0,0,0,0,0,0
"788","desaolojatu",0,0,0,1,0,0
"789","nahi",1,0,0,1,1,0
"790","nahi",1,0,0,0,0,0
"791",NA,0,0,0,0,0,0
"792","nahi",1,0,0,0,0,0
"793","ditu",0,0,1,0,0,0
"794","xxx",0,0,0,0,0,0
"795","bai",0,0,0,0,0,0
"796","nahi",1,0,0,0,0,0
"797","ditu",0,0,1,0,0,0
"798","gainera",0,0,0,0,0,0
"799","bai",0,0,0,0,0,0
"800","gainera",0,0,0,0,0,0
"801","bulego horiek",0,0,0,0,0,0
"802","hogeita hamar urte edo gehiago",0,0,0,1,0,0
"803",NA,0,0,0,0,1,0
"804",NA,0,0,0,0,0,0
"805",NA,0,0,0,1,0,0
"806","daude",0,1,0,0,0,0
"807","orduan",0,0,0,0,0,1
"808","ez",0,0,0,0,0,1
"809","dut",0,0,1,1,0,1
"810","ulertzen",1,0,0,0,1,1
"811","zergatik",0,0,0,0,0,1
"812","orain justu",0,0,0,0,0,1
"813",NA,0,0,0,0,0,1
"814","sestaoko gazte batzuk",0,0,0,0,0,1
"815","okupatu",1,0,0,1,0,1
"816","dutenean",0,0,1,0,0,1
"817","desalojatzen",0,0,0,0,0,1
"818","nahi",1,0,0,1,0,1
"819","dute",0,0,1,0,1,1
"820","x",0,0,0,0,0,1
"821","dituzte",0,0,1,0,0,1
"822","barkatu",0,0,0,0,0,1
"823","gainera",0,0,0,0,0,1
"824","?",0,0,0,0,0,1
"825","gainera",0,0,0,0,0,1
"826","udala",0,0,0,0,0,1
"827","udalak",0,0,0,0,0,1
"828","ez",0,0,0,0,0,1
"829","du",0,0,1,0,0,1
"830","behar",1,0,0,0,0,1
"831","dirua",0,0,0,0,0,1
"832","ordaindu",0,0,0,0,0,1
"833","azkenean",0,0,0,0,0,0
"834","autokudeaketa",0,0,0,1,0,0
"835","egiten",1,0,0,0,1,0
"836","dute",0,0,1,1,0,0
"837","hori",0,0,0,0,0,0
"838",NA,0,0,0,1,0,0
"839",NA,0,0,0,1,0,0
"840","gazte+",0,0,0,0,0,0
"841","+koek",0,0,0,0,0,0
"842","gaztekoek",0,0,0,0,0,0
"843","beraz nire ustez",0,0,0,0,0,0
"844","erakundeak",0,0,0,0,0,0
"845","zein",0,0,0,0,0,0
"846","den",0,1,0,0,0,0
"847","kasuan",0,0,0,0,0,0
"848","baimena",0,0,0,0,0,0
"849","eman",0,0,0,0,0,0
"850","behar",1,0,0,1,0,0
"851","dute",0,0,1,0,0,0
"852","erakundeek",0,0,0,0,0,0
"853",NA,0,0,0,0,0,0
"854",NA,0,0,0,0,0,0
"855",NA,0,0,0,0,0,0
"856",NA,0,0,0,0,0,0
"857","arbasoak",0,0,0,0,0,0
"858","kobazulo",0,0,0,1,0,0
"859","bizi",1,0,0,0,1,0
"860","zirenetik",0,0,1,0,0,0
"861","gizartea",0,0,0,0,0,0
"862","jendearen ondoan",0,0,0,0,0,0
"863","egon",0,0,0,0,0,0
"864","behar",1,0,0,1,0,0
"865",NA,0,0,0,0,0,0
"866",NA,0,0,0,0,0,0
"867","jendea",0,0,0,0,0,0
"868","gizarteak",0,0,0,0,0,0
"869",NA,0,0,0,0,0,0
"870","beste pertsonarekin",0,0,0,0,0,0
"871","egon",0,0,0,0,0,0
"872","behar",1,0,0,1,0,0
"873","behar",0,0,0,0,1,0
"874","da",0,0,1,0,0,0
"875","lehen adibidez",0,0,0,0,0,0
"876","zen",0,1,0,0,0,0
"877","janaria lortzeko edo",0,0,0,1,0,0
"878","denok artean",0,0,0,0,0,0
"879","babesteko",0,0,0,0,0,0
"880","bai",0,0,0,1,0,0
"881","animali+",0,0,0,1,1,0
"882",NA,0,0,0,0,0,0
"883","zertaz da",0,0,0,0,0,0
"884","animalitaz",0,0,0,0,0,0
"885","xxetik",0,0,0,0,0,0
"886","edo+",0,0,0,1,0,0
"887","o bai beste",0,0,0,1,1,0
"888","besteaea",0,0,0,1,0,0
"889","arriskuetik",0,0,0,1,0,0
"890","eta hori",0,0,0,0,0,0
"891",NA,0,0,0,1,0,0
"892","sortu",1,0,0,1,0,0
"893","da",0,0,1,0,1,0
"894","gure genean",0,0,0,1,0,0
"895","geratu",0,0,0,1,0,0
"896","gure genea",0,0,0,1,0,0
"897","geratu",1,0,0,0,1,0
"898","da",0,0,1,1,0,0
"899","pertsona artean",0,0,0,0,0,0
"900","egon",0,0,0,0,0,0
"901","beharko",1,0,0,0,0,0
"902","dugu",0,0,1,0,0,0
"903","horregatik",0,0,0,0,0,0
"904","guk",0,0,0,0,0,0
"905","behar",1,0,0,0,0,0
"906","dugu",0,0,1,1,0,0
"907","lagunak edukitzea",0,0,0,1,1,0
"908","senideak eta pertsonaren +",0,0,0,0,0,0
"909",NA,0,0,0,0,0,0
"910","bai pertsonaren inguruan egotea",0,0,0,0,0,0
"911","hor bai",0,0,0,0,0,0
"912","hori",0,0,0,0,0,0
"913","da",0,1,0,0,0,0
"914","beraz",0,0,0,0,0,0
"915","lagunak",0,0,0,0,0,0
"916","oso garrantzitsuak",0,0,0,0,0,0
"917","dira",0,1,0,0,0,0
"918",NA,0,0,0,0,0,0
"919","adibidez",0,0,0,0,0,0
"920","lagunarekin jolasten ikasten eta",0,0,0,1,0,0
"921","harremanak",0,0,0,0,1,0
"922","edukitzen",1,0,0,0,0,0
"923","dute",0,0,1,0,0,0
"924","hazteko",0,0,0,0,0,0
"925","hori",0,0,0,0,0,0
"926","oso garrantzitsua",0,0,0,0,0,0
"927","da",0,1,0,0,0,0
"928","bere",0,0,0,1,0,0
"929","bere",0,0,0,0,0,0
"930",NA,0,0,0,0,0,0
"931",NA,0,0,0,0,0,0
"932",NA,0,0,0,0,0,0
"933","bai ez",0,0,0,0,0,0
"934","bere heziketan",0,0,0,0,0,0
"935","gero",0,0,0,0,0,0
"936",NA,0,0,0,1,0,0
"937","desberdinak",0,0,0,1,0,0
"938","batzuk",0,0,0,0,0,0
"939","daude",0,1,0,0,0,0
"940","lagunak artean",0,0,0,0,0,0
"941","batzuk",0,0,0,0,0,0
"942","dira",0,1,0,0,0,0
"943","azalekoak",0,0,0,0,0,0
"944","ta",0,0,0,0,0,0
"945","beste batzuk",0,0,0,0,0,0
"946","dira",0,1,0,0,0,0
"947","minakoak",0,0,0,0,0,0
"948","benetako lagunak",0,0,0,1,0,0
"949","eta",0,0,0,1,0,0
"950","denok",0,0,0,0,0,0
"951","?",0,0,0,0,0,0
"952","eduki",0,0,0,1,0,0
"953","behar",1,0,0,0,1,0
"954","dugu",0,0,1,1,0,0
"955","mota guztietakoak",0,0,0,0,0,0
"956","hau da",0,0,0,0,0,0
"957","lagun benetako",0,0,0,0,0,0
"958","oso garrantzitsuak",0,0,0,0,0,0
"959","dira",0,1,0,0,0,0
"960","arazoren bat",0,0,0,0,0,0
"961","edo",0,0,0,1,0,0
"962","ez bakarrik arazoen",0,0,0,0,0,0
"963","baizik eta pozik",0,0,0,0,0,0
"964",NA,0,0,0,0,0,0
"965","poztasun zoriontsu bat ere",0,0,0,0,0,0
"966","konta",0,0,0,1,0,0
"967","dezakegu",0,0,0,0,1,0
"968","eta berarekin",0,0,0,0,0,0
"969","harreman+",0,0,0,1,0,0
"970","+ estua",0,0,0,0,0,0
"971","daukagu",0,1,0,0,0,0
"972","baina",0,0,0,0,0,0
"973","be bai",0,0,0,0,0,0
"974","behar",1,0,0,0,0,0
"975","dugu",0,0,1,0,0,0
"976","azaleko lagunak",0,0,0,0,0,0
"977","egun batean",0,0,0,0,0,0
"978","parrandaz irteteko",0,0,0,1,0,0
"979","edo beste gauzak",0,0,0,1,1,0
"980","ez hain garrantzitsuak egiteko",0,0,0,0,0,0
"981","eta",0,0,0,1,0,0
"982","berdin",0,0,0,0,1,0
"983","berdin",0,0,0,0,0,0
"984","berdin",0,0,0,0,0,0
"985","da",0,1,0,0,0,0
"986","?",0,0,0,0,0,0
"987","zure lagun onena edo benetako laguna",0,0,0,1,0,0
"988","zeintzezu",0,0,0,1,0,0
"989",NA,0,0,0,1,0,0
"990",NA,0,0,0,0,0,0
"991","daukala",0,1,0,0,0,0
"992","nik",0,0,0,0,0,1
"993","adibidez",0,0,0,0,0,1
"994","ez",0,0,0,0,0,1
"995","dakit",0,1,0,0,0,1
"996","zergatik",0,0,0,0,0,1
"997","nire +",0,0,0,1,0,1
"998",NA,0,0,0,0,1,0
"999",NA,0,0,0,0,0,0
"1000","+ lagun mina",0,0,0,0,0,0
"1001","neska bat",0,0,0,0,0,0
"1002","da",0,1,0,0,0,0
"1003","eta",0,0,0,1,0,0
"1004","normalean",0,0,0,0,1,0
"1005",NA,0,0,0,0,0,0
"1006","neskarekin hobeto",0,0,0,0,0,0
"1007","konpontzen",1,0,0,1,0,0
"1008","naiz",0,0,1,0,1,0
"1009","hala ere",0,0,0,0,0,0
"1010","?",0,0,0,0,0,0
"1011","kuadrilako +",0,0,0,0,0,0
"1012","+ denak",0,0,0,0,0,0
"1013",NA,0,0,0,0,0,0
"1014","x",0,0,0,0,0,0
"1015","dira",0,1,0,0,0,0
"1016","baina beno",0,0,0,0,0,0
"1017","gero",0,0,0,0,0,0
"1018","bakoitza",0,0,0,0,0,0
"1019","aukeratzen",1,0,0,0,0,0
"1020","du",0,0,1,1,0,0
"1021","dugu",0,0,1,0,0,0
"1022",NA,0,0,0,0,0,0
"1023","bakoitzak",0,0,0,0,0,0
"1024","aukeratzen",1,0,0,1,0,0
"1025","bakoitzak",0,0,0,0,0,0
"1026",NA,0,0,0,0,0,0
"1027",NA,0,0,0,0,0,0
"1028","aukeratzen",1,0,0,1,0,0
"1029","du",0,0,1,1,1,0
"1030","bere laguna",0,0,0,0,0,0
"1031","gaur egun teknologiari esker",0,0,0,1,0,0
"1032","lagunarekin",0,0,0,0,0,0
"1033","harremanak",0,0,0,0,0,0
"1034","hurbil",1,0,0,1,0,0
"1035","hurbildu",1,0,0,0,0,0
"1036","hurbil",1,0,0,0,0,0
"1037","dezakegu",0,0,1,0,0,0
"1038","bai",0,0,0,1,0,1
"1039",NA,0,0,0,0,1,1
"1040","telefono bidez",0,0,0,0,0,1
"1041","bai meila+",0,0,0,1,0,1
"1042","+meilen bidez",0,0,0,0,0,1
"1043","edo",0,0,0,1,0,1
"1044","ez",0,0,0,0,1,1
"1045","dakit",0,1,0,0,0,1
"1046","zetako",0,0,0,1,0,1
"1047",NA,0,0,0,0,0,1
"1048","komunikabideekin",0,0,0,0,0,1
"1049","hitzegin",1,0,0,0,0,0
"1050","dezakegu",0,0,1,0,0,0
"1051","eta",0,0,0,1,0,0
"1052","jakin",1,0,0,0,1,0
"1053","dezakegu",0,0,1,0,0,0
"1054","nola",0,0,0,1,0,0
"1055","nola",0,0,0,0,1,0
"1056",NA,0,0,0,1,0,0
"1057","nola",0,0,0,0,0,0
"1058","dagoen",0,1,0,0,0,0
"1059","dauden",0,1,0,0,0,0
"1060","eta",0,0,0,1,0,0
"1061","eta abar",0,0,0,0,1,0
"1062","baina",0,0,0,0,0,0
"1063","hori",0,0,0,0,0,0
"1064","be bai",0,0,0,0,0,0
"1065","alferragoak",0,0,0,0,0,0
"1066","biurtzen",1,0,0,1,0,0
"1067",NA,0,0,0,0,1,0
"1068","alferrago",0,0,0,0,0,0
"1069","?",0,0,0,0,0,0
"1070",NA,0,0,0,0,0,0
"1071","bihurtzen",1,0,0,1,0,0
"1072","x",0,0,0,0,0,0
"1073","alper",0,0,0,0,0,0
"1074","alper mugagabe",0,0,0,0,0,0
"1075","alper",0,0,0,0,0,0
"1076","bihurtzen",1,0,0,1,0,0
"1077","gara",0,0,1,0,0,0
"1078","horregatik nire ustez",0,0,0,0,0,0
"1079","oso garrantzitsua",0,0,0,0,0,0
"1080","da",0,1,0,0,0,0
"1081","lagunak",0,0,0,0,0,0
"1082",NA,0,0,0,0,0,0
"1083","mantentzea",0,0,0,0,0,0
"1084","zaintzea",0,0,0,0,0,0
"1085",NA,0,0,0,0,0,0
"1086","lagunak",0,0,0,0,0,0
"1087","lagunei",0,0,0,0,0,0
"1088","denbora",0,0,0,0,0,0
"1089","eman",0,0,0,0,0,0
"1090","behar",1,0,0,1,0,0
"1091",NA,0,0,0,0,1,0
"1092","diegu",0,0,1,0,0,0
"1093","jakiteko nola",0,0,0,1,0,0
"1094",NA,0,0,0,1,1,0
"1095","dauden",0,1,0,1,1,0
"1096","zer arazo",0,0,0,1,0,0
"1097",NA,0,0,0,0,0,0
"1098","zer arazo",0,0,0,0,0,0
"1099",NA,0,0,0,0,0,0
"1100",NA,0,0,0,0,0,0
"1101","daukate",0,1,0,0,0,0
"1102","eta",0,0,0,1,0,0
"1103","eta hori",0,0,0,0,0,0
"1104",NA,0,0,0,0,0,0
"1105","nire entzumena",0,0,0,1,0,0
"1106","hitzeginten",1,0,0,0,1,0
"1107","dute",0,0,1,0,0,0
"1108","margarina edo gurina",0,0,0,0,0,0
"1109","zer",0,0,0,0,0,0
"1110","da",0,1,0,0,0,0
"1111","hobea",0,0,0,0,0,0
"1112","orain",0,0,0,0,0,0
"1113","esaten",0,0,0,1,0,0
"1114","ari",1,0,0,0,1,0
"1115","dira",0,0,1,0,0,0
"1116","margarina",0,0,0,0,0,0
"1117","txarragoa",0,0,0,0,0,0
"1118","da",0,1,0,0,0,0
"1119","txarragoa",0,0,0,0,0,0
"1120","dela",0,1,0,0,0,0
"1121",NA,0,0,0,0,0,0
"1122","nahiz eta biak koipe saturatuak",0,0,0,1,0,0
"1123","izan",0,0,0,0,0,0
"1124",NA,0,0,0,0,0,0
"1125","margarina",0,0,0,0,0,0
"1126","kaltegarriagoa",0,0,0,0,0,0
"1127","da",0,1,0,0,0,0
"1128","koipe trans",0,0,0,1,0,0
"1129","daukatelako",0,1,0,0,1,0
"1130",NA,0,0,0,0,0,0
"1131","landaretik",0,0,0,1,0,0
"1132","etorri",1,0,0,0,1,0
"1133","diren",0,0,1,0,0,0
"1134","koipeak",0,0,0,0,0,0
"1135","onak",0,0,0,0,0,0
"1136","dira",0,1,0,0,0,0
"1137","baina",0,0,0,1,0,0
"1138",NA,0,0,0,0,0,0
"1139","bata",0,0,0,0,0,0
"1140","transgenikoak",0,0,0,1,0,0
"1141","direnez",0,1,0,0,1,0
"1142","hidrogeno loturak",0,0,0,0,0,0
"1143","desberdinak",0,0,0,1,0,0
"1144","dira",0,1,0,0,1,0
"1145","eta",0,0,0,1,0,0
"1146","horregatik",0,0,0,0,1,0
"1147","agertzen",1,0,0,0,0,0
"1148","dira",0,0,1,0,0,0
"1149","koipe+",0,0,0,1,0,0
"1150",NA,0,0,0,0,1,0
"1151","edo",0,0,0,1,0,0
"1152",NA,0,0,0,0,1,0
"1153","bai",0,0,0,0,0,0
"1154","koipe transgenikoak",0,0,0,1,0,0
"1155","koipe",0,0,0,1,0,0
"1156","koipe hori",0,0,0,0,1,0
"1157","koipe hori",0,0,0,0,0,0
"1158","kolesterol txarra",0,0,0,0,0,0
"1159","altxatzen",1,0,0,1,0,0
"1160","altxatzen",1,0,0,0,1,0
"1161","da",0,0,1,0,0,0
"1162","bestea",0,0,0,0,0,0
"1163","adibidez",0,0,0,0,0,0
"1164","oreka",0,0,0,0,0,0
"1165","dauka",0,1,0,0,0,0
"1166","bai koipe",0,0,0,1,0,0
"1167","ona",0,0,0,0,0,0
"1168","eta bai",0,0,0,1,0,0
"1169","txarra",0,0,0,0,0,0
"1170","baina",0,0,0,1,0,0
"1171","orekatuta",0,0,0,1,1,0
"1172","dago",0,1,0,0,1,0
"1173","eta",0,0,0,1,0,0
"1174","bueno",0,0,0,0,1,0
"1175","koipe trans",0,0,0,1,0,0
"1176","trans horiek",0,0,0,0,1,0
"1177","txarrak",0,0,0,0,0,0
"1178","dira",0,1,0,0,0,0
"1179",NA,0,0,0,1,0,0
"1180","bihotzerako",0,0,0,0,1,0
"1181","ta zergatik",0,0,0,0,0,0
"1182","erabiltzen",1,0,0,1,0,0
"1183","dituzte",0,0,1,0,1,0
"1184","koipe horiek",0,0,0,0,0,0
"1185","denbora",0,0,0,0,0,0
"1186",NA,0,0,0,1,0,0
"1187",NA,0,0,0,1,0,0
"1188","luzeago mantentzeko",0,0,0,0,0,0
"1189","koipea",0,0,0,0,0,0
"1190","momentu honetan margarina",0,0,0,0,0,0
"1191","eta itxura",0,0,0,1,0,0
"1192","itxura berdina izateko",0,0,0,1,1,0
"1193","estatu batuetan",0,0,0,0,0,0
"1194","gertatu",0,0,0,1,0,0
"1195","gertatu",0,0,0,0,1,0
"1196","ari",1,0,0,0,0,0
"1197","dena",0,0,1,0,0,0
"1198","da",0,1,0,0,0,0
"1199",NA,0,0,0,0,0,0
"1200","ah",0,0,0,0,0,0
"1201","kanpaina",0,0,0,1,0,0
"1202","kanpainaren",0,0,0,0,1,0
"1203",NA,0,0,0,0,0,0
"1204","margarinaren kanpaina bat",0,0,0,0,0,0
"1205","egiten",0,0,0,0,0,0
"1206","ari+",1,0,0,0,0,0
"1207","kontra",0,0,0,0,0,0
"1208","egiten",0,0,0,0,0,0
"1209","ari",1,0,0,0,0,0
"1210","da",0,0,1,0,0,0
"1211","alde batetik",0,0,0,0,0,0
"1212","arautu",0,0,0,1,0,0
"1213","nahi",1,0,0,1,1,0
"1214","dutelako",0,0,1,1,1,0
"1215","eta",0,0,0,1,0,0
"1216","beste+",0,0,0,0,1,0
"1217","eta arau horretan",0,0,0,0,0,0
"1218","etiketan",0,0,0,0,0,0
"1219","jarri",0,0,0,0,0,0
"1220","behar",0,0,0,1,0,0
"1221","zehatz mehatz",0,0,0,0,0,0
"1222","jarri",0,0,0,0,0,0
"1223",NA,0,0,0,0,0,0
"1224","nahi",1,0,0,0,0,0
"1225","dute",0,0,1,0,0,0
"1226","konsumidoreak",0,0,0,0,0,0
"1227","jakiteko",0,0,0,1,0,0
"1228","zer erosten",0,0,0,0,1,0
"1229","ari",1,0,0,1,0,0
"1230","diren",0,0,1,0,1,0
"1231","hori",0,0,0,0,0,0
"1232","gertatu",1,0,0,0,0,0
"1233","da",0,0,1,0,0,0
"1234",NA,0,0,0,1,0,0
"1235","denbora",0,0,0,0,0,0
"1236",NA,0,0,0,1,0,0
"1237","luze",0,0,0,1,1,0
"1238","luzean",0,0,0,0,0,0
"1239","erabiltzen",1,0,0,0,0,0
"1240","dute",0,0,1,1,0,0
"1241","jaten",1,0,0,0,0,0
"1242","dute",0,0,1,1,0,0
"1243","produktu",0,0,0,0,0,0
"1244",NA,0,0,0,0,0,0
"1245",NA,0,0,0,0,0,0
"1246","hauek",0,0,0,0,0,0
"1247","eta",0,0,0,1,0,0
"1248",NA,0,0,0,0,1,0
"1249","ikusten",0,0,0,0,0,0
"1250","ari",1,0,0,0,0,0
"1251","dira",0,0,1,0,0,0
"1252","kaltegarriak",0,0,0,1,0,0
"1253","direla",0,1,0,0,1,0
"1254",NA,0,0,0,0,0,0
"1255",NA,0,0,0,0,0,0
"1256","gazteen inkomunikazioari buruz",0,0,0,1,0,0
"1257","hitz egingo",1,0,0,0,1,0
"1258","dut",0,0,1,0,0,0
"1259","gazteen komunikazioia",0,0,0,0,0,0
"1260","asko",0,0,0,0,0,0
"1261","aldatu",1,0,0,0,0,0
"1262","da",0,0,1,0,0,0
"1263","lehen adibidez",0,0,0,0,0,0
"1264","aurre",0,0,0,1,0,0
"1265","aurrez aurre",0,0,0,0,0,0
"1266","egiten",1,0,0,0,0,0
"1267","zuen",0,0,1,0,0,0
"1268","edo",0,0,0,0,0,0
"1269","mantentzen",1,0,0,0,0,0
"1270","zuen",0,0,1,0,0,0
"1271","harremanak",0,0,0,0,0,0
"1272",NA,0,0,0,0,0,0
"1273","ni",0,0,0,0,0,0
"1274","nik",0,0,0,0,0,0
"1275","adibidez",0,0,0,0,0,0
"1276","beti",0,0,0,1,0,0
"1277","egin",1,0,0,0,0,0
"1278","dut",0,0,1,0,0,0
"1279",NA,0,0,0,0,0,0
"1280","egin",1,0,0,0,0,0
"1281","dut",0,0,1,0,0,0
"1282","jokuak",0,0,0,0,0,0
"1283","kalean",0,0,0,0,0,0
"1284","orain",0,0,0,1,0,0
"1285","orain",0,0,0,0,0,0
"1286",NA,0,0,0,0,0,0
"1287","oso desberdina",0,0,0,0,0,0
"1288","da",0,1,0,0,0,0
"1289","gainera",0,0,0,0,0,0
"1290","nire ustez",0,0,0,0,0,0
"1291","harremanak",0,0,0,0,0,0
"1292","estuagoak",0,0,0,0,0,0
"1293","ziren",0,1,0,0,0,0
"1294","beti elkarrekin",0,0,0,0,0,0
"1295",NA,0,0,0,0,0,0
"1296","geundelako",0,1,0,1,0,0
"1297","orain",0,0,0,0,0,0
"1298","izugarria",0,0,0,0,0,0
"1299","iruditzen",1,0,0,0,0,0
"1300","zait",0,0,1,0,0,0
"1301","nola",0,0,0,0,0,0
"1302","komunikatzen",1,0,0,0,0,0
"1303",NA,0,0,0,0,0,0
"1304","duten",0,0,1,0,0,0
"1305","haurrek",0,0,0,0,0,0
"1306","gehienak",0,0,0,0,0,0
"1307","etxetik",0,0,0,1,0,0
"1308","etxetik",0,0,0,0,0,0
"1309","mantentzen",1,0,0,0,0,0
"1310","dituzte",0,0,1,1,0,0
"1311","haien harremanak",0,0,0,0,0,0
"1312","harremanak eta jokuak",0,0,0,0,0,0
"1313","egiten",1,0,0,0,0,0
"1314","dituzte",0,0,1,0,0,0
"1315","etxetik",0,0,0,0,0,0
"1316","hori",0,0,0,0,0,0
"1317","nire ustez",0,0,0,0,0,0
"1318","apur bat",0,0,0,0,0,0
"1319","txarra",0,0,0,0,0,0
"1320","da",0,1,0,0,0,0
"1321",NA,0,0,0,0,0,1
"1322","umeak",0,0,0,0,0,1
"1323","horrela",0,0,0,1,0,1
"1324","ezin",0,0,0,0,1,1
"1325","dira",0,0,1,1,0,1
"1326","garatu",1,0,0,0,1,1
"1327","lehen bezala",0,0,0,0,0,1
"1328",NA,0,0,0,0,0,1
"1329","ezin",0,0,0,0,0,1
"1330","direlako",0,0,1,0,0,1
"1331","garatu",1,0,0,0,0,1
"1332","lehen bezala",0,0,0,0,0,1
"1333","gainera",0,0,0,0,0,0
"1334",NA,0,0,0,0,0,0
"1335","gurasoentzat",0,0,0,0,0,0
"1336","arazo berri bat",0,0,0,0,0,0
"1337","sortu",1,0,0,1,0,0
"1338","sortu",1,0,0,0,1,0
"1339","da",0,0,1,0,0,0
"1340","alde batetik",0,0,0,0,0,1
"1341","gurasoek",0,0,0,0,0,1
"1342","umeek",0,0,0,0,0,1
"1343","baino gutxiago",0,0,0,1,0,1
"1344","dakite",0,1,0,0,1,1
"1345","informatikari buruz",0,0,0,0,0,1
"1346",NA,0,0,0,0,0,1
"1347","orduan",0,0,0,0,0,1
"1348","ez",0,0,0,0,0,1
"1349","dakite",0,1,0,0,0,1
"1350","zer",0,0,0,1,0,1
"1351","egiten",1,0,0,1,1,1
"1352","dute",0,0,1,0,1,1
"1353",NA,0,0,0,0,0,1
"1354","zer",0,0,0,0,0,1
"1355","egiten",1,0,0,0,0,1
"1356","duten",0,0,1,0,0,1
"1357","eta",0,0,0,1,0,1
"1358",NA,0,0,0,0,1,1
"1359","norekin",0,0,0,0,0,1
"1360","hitz egiten",1,0,0,0,0,1
"1361","duten",0,0,1,0,0,1
"1362","gainera",0,0,0,0,0,0
"1363",NA,0,0,0,0,0,0
"1364","bestetik",0,0,0,0,0,0
"1365","nortasuna",0,0,0,0,0,0
"1366",NA,0,0,0,1,0,0
"1367","interneten",0,0,0,1,1,0
"1368",NA,0,0,0,0,0,0
"1369","nortasuna",0,0,0,0,0,0
"1370",NA,0,0,0,0,0,0
"1371","eztaltzen",1,0,0,0,0,0
"1372","da",0,0,1,0,0,0
"1373","eta klaro",0,0,0,0,0,1
"1374","azken finean",0,0,0,0,0,1
"1375","ez",0,0,0,0,0,1
"1376","da",0,0,1,0,0,1
"1377","euki",1,0,0,0,0,1
"1378","ez",0,0,0,0,0,1
"1379","haiek berak",0,0,0,0,0,1
"1380","ez",0,0,0,0,0,1
"1381","dakite",0,1,0,0,0,1
"1382","norekin",0,0,0,0,0,1
"1383","hitz egiten",1,0,0,1,0,1
"1384","dute",0,0,1,0,1,1
"1385",NA,0,0,0,0,0,1
"1386","duten",0,0,1,0,0,1
"1387","bai",0,0,0,0,0,0
"1388",NA,0,0,0,0,0,0
"1389","bai",0,0,0,0,0,0
"1390","egoera honek",0,0,0,0,0,0
"1391","arazoak",0,0,0,0,0,0
"1392","ekar",1,0,0,1,0,0
"1393","ditzake",0,0,1,0,1,0
"1394","segurtasuna",0,0,0,1,0,0
"1395","dela",0,1,0,0,1,0
"1396","eta",0,0,0,0,0,0
"1397",NA,0,0,0,1,0,1
"1398",NA,0,0,0,0,1,1
"1399","bueno",0,0,0,0,0,1
"1400",NA,0,0,0,0,0,1
"1401","umeak zein nerabeak",0,0,0,0,0,1
"1402","ez",0,0,0,1,0,1
"1403","dute",0,0,1,0,1,1
"1404",NA,0,0,0,0,0,1
"1405","ez",0,0,0,0,0,1
"1406","dutelako",0,0,1,0,0,1
"1407","ikusten",1,0,0,0,0,1
"1408",NA,0,0,0,0,0,1
"1409",NA,0,0,0,0,0,1
"1410",NA,0,0,0,0,0,1
"1411","arriskua",0,0,0,0,0,1
"1412",NA,0,0,0,0,0,1
"1413","arriskuak",0,0,0,0,0,1
"1414","ez",0,0,0,0,0,1
"1415","dituzte",0,0,1,0,0,1
"1416","ikusten",1,0,0,0,0,1
"1417","arriskuak",0,0,0,0,0,1
"1418","bai",0,0,0,0,0,0
"1419","beraz bukatzeko",0,0,0,0,0,0
"1420","gurasoak",0,0,0,0,0,0
"1421","arreta handi",0,0,0,0,0,0
"1422","izan",0,0,0,1,0,0
"1423","beharko",1,0,0,0,1,0
"1424","lukete",0,0,1,0,0,0
"1425","egoeraka horiek",0,0,0,0,0,0
"1426",NA,0,0,0,0,0,0
"1427","saiestu",0,0,0,0,0,0
"1428","zteko",0,0,0,0,0,0
"1429","bai",0,0,0,0,0,0
"1430","saiesteko",0,0,0,0,0,0
"1431",NA,0,0,0,0,0,0
"1432",NA,0,0,0,0,0,0
"1433",NA,0,0,0,0,0,0
"1434","uf",0,0,0,0,0,0
"1435",NA,0,0,0,0,0,0
"1436",NA,0,0,0,0,0,0
"1437","zaintzeko",0,0,0,0,0,0
"1438","egoera",0,0,0,0,0,0
"1439","aldatu",1,0,0,0,0,0
"1440","da",0,0,1,0,0,0
"1441","eta",0,0,0,0,0,0
"1442","erretiroaren abantailak edo desabantailak",0,0,0,0,0,0
"1443","ez",0,0,0,0,0,1
"1444","dakit",0,1,0,0,0,1
"1445","zergatik",0,0,0,0,0,1
"1446","jende",0,0,0,1,0,1
"1447","jendea",0,0,0,0,0,1
"1448","normalean",0,0,0,0,0,1
"1449","erretiratu",0,0,0,0,0,1
"1450","nahi",1,0,0,1,0,1
"1451","duen",0,0,1,0,1,1
"1452","bizitzako azken garaia",0,0,0,1,0,0
"1453","da",0,1,0,0,1,0
"1454","eta",0,0,0,0,0,0
"1455",NA,0,0,0,0,0,0
"1456","eta",0,0,0,0,0,0
"1457","hori",0,0,0,0,0,0
"1458","esan",0,0,0,0,0,0
"1459","nahi",1,0,0,0,0,0
"1460","du",0,0,1,0,0,0
"1461","a",0,0,0,0,0,0
"1462","bizitzako azken momentuan",0,0,0,1,0,0
"1463","gaudela",0,1,0,0,1,0
"1464","gainera batzuetan",0,0,0,0,0,0
"1465","gorrriak",0,0,0,0,0,0
"1466","ikusten",1,0,0,1,0,0
"1467","dituzte",0,0,1,0,0,0
"1468",NA,0,0,0,0,0,0
"1469","diru iturria",0,0,0,0,0,0
"1470","eskasa",0,0,0,1,0,0
"1471","delako",0,1,0,0,1,0
"1472","gainera",0,0,0,0,0,0
"1473",NA,0,0,0,0,0,0
"1474","semealabak",0,0,0,0,0,0
"1475",NA,0,0,0,0,0,0
"1476","semealabak",0,0,0,0,0,0
"1477","badauzkate",0,1,0,0,0,0
"1478","batzuetan",0,0,0,0,0,0
"1479","ardura handia",0,0,0,1,0,0
"1480",NA,0,0,0,0,1,0
"1481","daukate",0,1,0,0,0,0
"1482","X",0,0,0,0,0,0
"1483","e",0,0,0,1,0,0
"1484","bai",0,0,0,0,1,0
"1485","daukatelako",0,1,0,0,0,0
"1486","dena den",0,0,0,0,0,0
"1487","lan bizitza amaitu ondoren",0,0,0,0,0,0
"1488",NA,0,0,0,0,0,0
"1489","jakin",0,0,0,0,0,0
"1490","behar",1,0,0,0,0,0
"1491","dugu",0,0,1,0,0,0
"1492","nola",0,0,0,1,0,0
"1493","gozatu",0,0,0,0,1,0
"1494","behar",1,0,0,0,0,0
"1495","dugun",0,0,1,0,0,0
"1496","hau da,",0,0,0,0,0,0
"1497","badago",0,1,0,1,0,0
"1498","langile",0,0,0,1,1,0
"1499","badaude",0,1,0,0,0,0
"1500","langile batzuk",0,0,0,0,0,0
"1501",NA,0,0,0,0,0,1
"1502","ez",0,0,0,0,0,1
"1503","dakitela",0,1,0,0,0,1
"1504","erretiro",0,0,0,1,0,1
"1505","erretiroa gozatu",0,0,0,0,0,1
"1506",NA,0,0,0,0,0,0
"1507","nire lanean adibidez",0,0,0,0,0,0
"1508","hori",0,0,0,0,0,0
"1509","gertatu",1,0,0,0,0,0
"1510","zen",0,0,1,0,0,0
"1511","lankide bat",0,0,0,0,0,0
"1512","neukan",0,1,0,0,0,0
"1513","k zein",0,0,0,0,0,1
"1514","zeinek",0,0,0,1,0,1
"1515","zein",0,0,0,0,0,1
"1516",NA,0,0,0,0,0,1
"1517",NA,0,0,0,0,0,1
"1518","erretiratu ondoren",0,0,0,0,0,1
"1519","ez",0,0,0,0,0,1
"1520","zekien",0,1,0,0,0,1
"1521","zer egin",0,0,0,0,0,1
"1522","eta",0,0,0,1,0,1
"1523",NA,0,0,0,0,1,1
"1524","nahiago",1,0,0,1,0,1
"1525","zuen",0,0,1,0,1,1
"1526","lan egiten",0,0,0,0,0,1
"1527",NA,0,0,0,0,0,1
"1528","jarraitu",0,0,0,0,0,1
"1529","eta",0,0,0,0,0,0
"1530","ezin",0,0,0,0,0,0
"1531","zuela",0,0,1,0,0,0
"1532","nire ama",0,0,0,0,0,0
"1533","adibidez",0,0,0,0,0,0
"1534","erretiroa",0,0,0,0,0,0
"1535","erretiroan",0,0,0,0,0,0
"1536","bere",0,0,0,1,0,0
"1537","bere gustokoa",0,0,0,0,0,0
"1538",NA,0,0,0,0,0,0
"1539","egiten",1,0,0,0,0,0
"1540","du",0,0,1,0,0,0
"1541","adibidez",0,0,0,0,0,0
"1542","inauterietan",0,0,0,0,0,0
"1543",NA,0,0,0,0,0,0
"1544","beste emakumeekin",0,0,0,0,0,0
"1545",NA,0,0,0,0,0,0
"1546","mozorratzen",1,0,0,1,0,0
"1547","du",0,0,1,0,1,0
"1548","eta",0,0,0,1,0,0
"1549","inserso edo",0,0,0,1,0,0
"1550","adineko bidaiak",0,0,0,1,1,0
"1551","egiten",1,0,0,1,0,0
"1552","ditu",0,0,1,0,1,0
"1553","modu honetan",0,0,0,1,0,0
"1554",NA,0,0,0,0,0,0
"1555","gauzak",0,0,0,0,0,0
"1556","gauzak",0,0,0,0,0,0
"1557","ikusten",1,0,0,0,0,0
"1558","ditu",0,0,1,0,0,0
"1559","eta",0,0,0,1,0,0
"1560","era",0,0,0,1,1,0
"1561",NA,0,0,0,0,1,0
"1562","era berean",0,0,0,0,0,0
"1563","lagunak",0,0,0,0,0,0
"1564","egiten",1,0,0,1,0,0
"1565","egiten",1,0,0,0,0,0
"1566","du",0,0,1,0,0,0
"1567","lagunak",0,0,0,0,0,0
"1568","egiten",1,0,0,0,0,0
"1569","ditu",0,0,1,0,0,0
"1570","dena den",0,0,0,0,0,0
"1571","tamalez",0,0,0,0,0,0
"1572","gero eta beranduago",0,0,0,1,0,0
"1573","erretiratuko",1,0,0,1,0,0
"1574","dugu",0,0,1,0,0,0
"1575","gara",0,0,1,0,0,0
"1576","erretiratuko",1,0,0,0,0,0
"1577","gara",0,0,1,0,0,0
"1578","lan baldintzak",0,0,0,0,0,0
"1579","aldatzen",1,0,0,1,0,0
"1580","direlako",0,0,1,0,1,0
"1581","gainera",0,0,0,0,0,0
"1582","gertatzen",1,0,0,0,0,0
"1583","gaur egun",0,0,0,0,0,0
"1584","gertatzen",1,0,0,0,0,0
"1585","dena",0,0,1,0,0,0
"1586","da",0,1,0,1,0,0
"1587","desberdinketa handiak",0,0,0,0,0,0
"1588","daukatela",0,1,0,0,0,0
"1589","batzuk",0,0,0,0,0,0
"1590","erretiratzen",1,0,0,1,0,0
"1591","dira",0,0,1,0,0,0
"1592","oso",0,0,0,1,0,0
"1593","oso goiz edo",0,0,0,1,0,0
"1594",NA,0,0,0,0,1,0
"1595","gazteak",0,0,0,0,0,0
"1596","direnean",0,1,0,0,0,0
"1597","eta",0,0,0,0,0,0
"1598","beste batzuk",0,0,0,0,0,0
"1599","ia ia",0,0,0,0,0,0
"1600",NA,0,0,0,1,0,0
"1601","hirurogeita hamar urterako",0,0,0,1,0,0
"1602","itxaron",0,0,0,0,0,0
"1603","beharko",1,0,0,0,0,0
"1604","dugu",0,0,1,0,0,0
"1605","eta",0,0,0,1,0,0
"1606",NA,0,0,0,1,1,0
"1607","lana",0,0,0,0,0,0
"1608","lana",0,0,0,0,0,0
"1609","zein",0,0,0,0,0,0
"1610","den",0,1,0,0,0,0
"1611","hori",0,0,0,1,0,0
"1612","oso arriskutsua",0,0,0,0,1,0
"1613","izan",1,0,0,0,0,0
"1614","daiteke",0,0,1,0,0,0
"1615","bukatzeko",0,0,0,0,0,0
"1616","esan",0,0,0,0,0,0
"1617","behar",1,0,0,0,0,0
"1618","dut",0,0,1,0,0,0
"1619","gure+",0,0,0,1,0,0
"1620","+ nagusiak",0,0,0,0,0,0
"1621","zaindu",0,0,0,0,0,0
"1622","behar",1,0,0,1,0,0
"1623","ditugula",0,0,1,0,0,0
"1624","haiek",0,0,0,0,0,0
"1625","garai horretan",0,0,0,0,0,0
"1626","asko",0,0,0,0,0,0
"1627",NA,0,0,0,0,0,0
"1628",NA,0,0,0,0,0,0
"1629","eskaini",1,0,0,0,0,0
"1630",NA,0,0,0,0,0,0
"1631",NA,0,0,0,1,0,0
"1632","eskaini",1,0,0,0,0,0
"1633","diezagukete",0,0,1,1,0,0
"1634","hau da",0,0,0,0,0,0
"1635","eskarmentu handia",0,0,0,0,0,0
"1636","daukate",0,1,0,0,0,0
"1637","eta",0,0,0,0,0,0
"1638","denbora",0,0,0,1,0,0
"1639","soberan",0,0,0,0,1,0
"1640","daukate",0,1,0,0,0,0
"1641","orduan",0,0,0,0,0,0
"1642","agian",0,0,0,0,0,0
"1643","ekintzaren bat",0,0,0,0,0,0
"1644","egin",1,0,0,0,0,0
"1645","dezakegu",0,0,1,0,0,0
"1646","haien eskarmentua",0,0,0,0,0,0
"1647",NA,0,0,0,0,0,0
"1648","guri transmititzeko",0,0,0,0,0,0
"1649",NA,0,0,0,0,0,0
"1650","kale zurrutari buruz",0,0,0,1,0,0
"1651","hitzegingo",1,0,0,0,0,0
"1652","dut",0,0,1,0,0,0
"1653","alkohola",0,0,0,0,0,0
"1654","betidanik",0,0,0,0,0,0
"1655","esistitu",1,0,0,0,0,0
"1656","du",0,0,1,0,0,0
"1657","da",0,0,1,0,0,0
"1658",NA,0,0,0,0,0,0
"1659","da",0,0,1,0,0,0
"1660","barkatu",0,0,0,0,0,0
"1661","eta",0,0,0,1,0,0
"1662",NA,0,0,0,0,0,0
"1663","gizartea edo gizakiok",0,0,0,0,0,0
"1664","erabili",1,0,0,1,0,0
"1665","dugu",0,0,1,0,0,0
"1666","harremanak",0,0,0,0,0,0
"1667","egiteko",0,0,0,0,0,0
"1668","gaur",0,0,0,0,0,0
"1669","gainera gaur egun",0,0,0,0,0,0
"1670",NA,0,0,0,0,0,0
"1671","alkoholaren",0,0,0,0,0,0
"1672","kultura",0,0,0,1,0,0
"1673","kulturala",0,0,0,0,1,0
"1674","da",0,1,0,0,0,0
"1675","nahiko zabalduta",0,0,0,1,0,0
"1676","dago",0,1,0,0,1,0
"1677","gizartean",0,0,0,0,0,0
"1678","horrek",0,0,0,0,0,0
"1679","ikus",1,0,0,0,0,0
"1680","dezakegu",0,0,1,0,0,0
"1681","kaleetatik",0,0,0,0,0,0
"1682",NA,0,0,0,1,0,0
"1683","ibiltzen",1,0,0,0,0,0
"1684","ginenean",0,0,1,0,0,0
"1685","tabernaz beteta",0,0,0,0,0,0
"1686","dagoelako",0,1,0,0,0,0
"1687","gainera",0,0,0,0,0,0
"1688",NA,0,0,0,0,0,0
"1689","normalean",0,0,0,0,0,0
"1690","lagunarekin",0,0,0,0,0,0
"1691",NA,0,0,0,0,0,0
"1692","lagunekin",0,0,0,0,0,0
"1693","geratzen",1,0,0,0,0,0
"1694","gara",0,0,1,0,0,0
"1695","taberna batean",0,0,0,0,0,0
"1696","zerbait hartzeko",0,0,0,0,0,0
"1697","eta",0,0,0,1,0,0
"1698","era berean",0,0,0,0,1,0
"1699","jakiteko",0,0,0,0,0,0
"1700","nola",0,0,0,0,0,0
"1701","dauden",0,1,0,1,0,0
"1702","hitz egiteko eta abar",0,0,0,0,0,0
"1703","baina",0,0,0,0,0,0
"1704","alkoholaren prezioa",0,0,0,0,0,0
"1705",NA,0,0,0,0,0,0
"1706",NA,0,0,0,0,0,0
"1707","pilo bat",0,0,0,0,0,0
"1708","igo",1,0,0,1,0,0
"1709","igo",1,0,0,0,1,0
"1710","da",0,0,1,0,0,0
"1711","eta",0,0,0,0,0,0
"1712",NA,0,0,0,0,0,0
"1713","horregatik",0,0,0,0,0,0
"1714","ohiturak",0,0,0,0,0,0
"1715","aldatu",1,0,0,0,0,0
"1716","dira",0,0,1,0,0,0
"1717","adibidez",0,0,0,0,0,0
"1718","gazteek",0,0,0,0,0,0
"1719","orain",0,0,0,0,0,0
"1720","kale zurruta",0,0,0,0,0,0
"1721","egiten",1,0,0,1,0,0
"1722","dute",0,0,1,0,1,0
"1723","ia tabernaz taberna",0,0,0,0,0,0
"1724","apur bat",0,0,0,0,0,0
"1725",NA,0,0,0,1,0,0
"1726","ezinezkoa",0,0,0,1,1,0
"1727","da",0,1,0,0,1,0
"1728","joatea",0,0,0,0,0,0
"1729","hau da",0,0,0,0,0,0
"1730",NA,0,0,0,0,0,0
"1731","lehen",0,0,0,0,0,0
"1732","egiten",1,0,0,0,0,0
"1733",NA,0,0,0,0,0,0
"1734","zutena",0,0,1,0,0,0
"1735","nahiko",0,0,0,1,0,0
"1736","merkea",0,0,0,0,1,0
"1737","zenez",0,1,0,0,0,0
"1738","hori",0,0,0,0,0,0
"1739","koadrilak",0,0,0,0,0,0
"1740","tabernaz taberna",0,0,0,0,0,0
"1741","joaten",1,0,0,0,0,0
"1742","dira",0,0,1,0,0,0
"1743","edaten",0,0,0,1,0,0
"1744",NA,0,0,0,0,0,0
"1745","ziren",0,0,1,0,0,0
"1746","bai",0,0,0,0,0,0
"1747","tragoren bat hartzeko",0,0,0,0,0,0
"1748","orain",0,0,0,0,0,0
"1749","ezinezkoa",0,0,0,0,0,0
"1750","da",0,1,0,0,0,0
"1751","nahiko",0,0,0,0,0,0
"1752",NA,0,0,0,1,0,0
"1753","gareztia",0,0,0,0,0,0
"1754","izango",1,0,0,1,0,0
"1755","delako",0,0,1,0,1,0
"1756","horregatik",0,0,0,0,0,0
"1757","beste aukera",0,0,0,0,0,0
"1758",NA,0,0,0,0,0,0
"1759","beste aukera",0,0,0,1,0,0
"1760","egiten",1,0,0,1,0,0
"1761","egiten",1,0,0,0,0,0
"1762","dute",0,0,1,0,0,0
"1763","gauza bera egiteko",0,0,0,0,0,0
"1764","harremanak egiteko eta lagunekin",0,0,0,0,0,0
"1765","egoteko",0,0,0,0,0,0
"1766","dena den",0,0,0,0,0,0
"1767","egia",0,0,0,0,0,0
"1768","da",0,1,0,0,0,0
"1769","kale zurruta",0,0,0,0,0,0
"1770","arazoak",0,0,0,0,0,0
"1771","sortzen",1,0,0,0,0,0
"1772","direla",0,0,1,0,0,0
"1773","zikinkeria",0,0,0,1,0,0
"1774","alde batetik",0,0,0,0,0,0
"1775","normalean",0,0,0,0,0,0
"1776","dena",0,0,0,1,0,0
"1777",NA,0,0,0,0,0,0
"1778",NA,0,0,0,0,0,0
"1779",NA,0,0,0,0,0,0
"1780","botil guztiak zein",0,0,0,0,0,0
"1781","plastiko+",0,0,0,1,0,0
"1782","+poltsak",0,0,0,0,0,0
"1783","plastiko poltsak",0,0,0,0,0,0
"1784",NA,0,0,0,0,0,0
"1785","plastikozko poltsak",0,0,0,0,0,0
"1786","etabar",0,0,0,0,0,0
"1787","enparantzetan edo kaleetan",0,0,0,0,0,0
"1788","geratzen",1,0,0,0,0,0
"1789","delako",0,0,1,0,0,0
"1790","beste aldetik",0,0,0,0,0,0
"1791","zarata",0,0,0,0,0,0
"1792",NA,0,0,0,0,0,0
"1793","zarata handia",0,0,0,0,0,0
"1794","sortzen",1,0,0,1,0,0
"1795","sortzen",1,0,0,0,0,0
"1796","da",0,0,1,0,0,0
"1797","jende asko",0,0,0,0,0,0
"1798","batzen",1,0,0,0,0,0
"1799","direlako",0,0,1,1,0,0
"1800","enparantza batean edo",0,0,0,1,1,0
"1801","kale batean",0,0,0,0,0,0
"1802","horretaz aparte",0,0,0,0,0,0
"1803","tabernariek",0,0,0,0,0,0
"1804","diru",0,0,0,1,0,0
"1805",NA,0,0,0,0,1,0
"1806","bai",0,0,0,0,0,0
"1807","diru gutxiago",0,0,0,0,0,0
"1808","irabazten",1,0,0,1,0,0
"1809","dute",0,0,1,0,0,0
"1810","bai",0,0,0,0,0,0
"1811","kontsumoa",0,0,0,0,0,0
"1812","murriztu",1,0,0,1,0,0
"1813","delako",0,0,1,0,0,0
"1814","hori dela eta",0,0,0,0,0,0
"1815","kale",0,0,0,1,0,0
"1816",NA,0,0,0,0,1,0
"1817","zurrutaren aurka",0,0,0,1,0,0
"1818","borrokatu",1,0,0,1,0,0
"1819","da",0,0,1,0,1,0
"1820","batez ere admnistrazinoi+",0,0,0,1,0,0
"1821","+rengandik",0,0,0,0,0,0
"1822",NA,0,0,0,0,0,0
"1823","administrazioetatik",0,0,0,0,0,0
"1824","si",0,0,0,0,0,0
"1825","bai",0,0,0,0,0,0
"1826","eta",0,0,0,0,0,0
"1827","saiatu",1,0,0,1,0,0
"1828","saiatu",1,0,0,1,0,0
"1829","dute",0,0,1,1,1,0
"1830","kale zurruta",0,0,0,0,0,0
"1831",NA,0,0,0,1,0,0
"1832","desagertzen",0,0,0,0,0,0
"1833","isunaren bidez",0,0,0,0,0,0
"1834",NA,0,0,0,0,0,0
"1835","beste formaren bidez",0,0,0,0,0,0
"1836","beraz bukazeko",0,0,0,0,0,0
"1837","nire ustez",0,0,0,0,0,0
"1838","egia",0,0,0,1,0,0
"1839","da",0,1,0,0,1,0
"1840","txarto",0,0,0,0,0,0
"1841","dagoela",0,1,0,1,0,0
"1842",NA,0,0,0,0,0,0
"1843","zarata zein zikinkeria",0,0,0,1,0,0
"1844","baina",0,0,0,1,0,0
"1845","eta hori",0,0,0,0,0,0
"1846",NA,0,0,0,0,0,0
"1847","gaz+",0,0,0,0,0,0
"1848","+teak",0,0,0,0,0,0
"1849","saiatu",0,0,0,0,0,0
"1850","beharko",1,0,0,1,0,0
"1851","dira",0,0,1,0,1,0
"1852",NA,0,0,0,0,0,1
"1853","gazteek",0,0,0,0,0,1
"1854","saiatu",0,0,0,0,0,1
"1855","beharko",1,0,0,0,0,1
"1856","dute",0,0,1,0,0,1
"1857","bale",0,0,0,0,0,1
"1858","baina",0,0,0,1,0,1
"1859",NA,0,0,0,0,0,1
"1860","hori",0,0,0,0,0,1
"1861","ez",0,0,0,0,0,1
"1862","da",0,1,0,0,0,1
"1863","nahikoa",0,0,0,0,0,1
"1864","kale zurruta",0,0,0,1,0,1
"1865","debekatzeko",0,0,0,0,0,1
"1866","ta",0,0,0,1,0,0
"1867","debeku asko",0,0,0,1,0,0
"1868","daukagu",0,1,0,0,1,0
"1869","beste bat",0,0,0,0,0,0
"1870","jartzeko",0,0,0,0,0,0
"1871","modeloei buruz",0,0,0,1,0,0
"1872","hitzegingo",1,0,0,0,0,0
"1873","dut",0,0,1,0,0,0
"1874","argi",0,0,0,1,0,0
"1875","argi",0,0,0,0,1,0
"1876","dago",0,1,0,0,0,0
"1877","gaur egun",0,0,0,0,0,0
"1878","itxura fisikoa",0,0,0,0,0,0
"1879","nahiko garrantzitsua",0,0,0,1,0,0
"1880","dela",0,1,0,0,1,0
"1881","telebistatik eta aldiezkari",0,0,0,1,0,0
"1882",NA,0,0,0,0,0,0
"1883","aldiz+",0,0,0,1,0,0
"1884","+karie+",0,0,0,0,0,0
"1885","tatik",0,0,0,0,0,0
"1886","eragin handia",0,0,0,0,0,0
"1887","jasotzen",1,0,0,1,0,0
"1888","dugulako",0,0,0,0,0,0
"1889","baina garai guztietan",0,0,0,1,0,1
"1890","ez",0,0,0,1,0,1
"1891","ez",0,0,0,0,0,1
"1892","ez",0,0,0,0,0,1
"1893","zen",0,0,1,0,0,1
"1894","izan",1,0,0,0,0,1
"1895","berdina",0,0,0,0,0,1
"1896","adibidez",0,0,0,0,0,0
"1897","orain dela ehun urte",0,0,0,0,0,0
"1898",NA,0,0,0,0,0,0
"1899","modeloak",0,0,0,0,0,0
"1900","eta eredu",0,0,0,1,0,0
"1901","erakutsi",1,0,0,0,0,0
"1902",NA,0,0,0,0,0,0
"1903","zutena",0,0,1,0,0,0
"1904","desberdina",0,0,0,0,0,0
"1905","zen",0,1,0,0,0,0
"1906","modeloak",0,0,0,0,0,0
"1907","lodiagoak",0,0,0,0,0,0
"1908","ziren",0,1,0,0,0,0
"1909","nola da",0,0,0,0,0,0
"1910","eta",0,0,0,1,0,0
"1911","horrekin",0,0,0,0,0,0
"1912","erakutsi",1,0,0,1,0,0
"1913","erakutsi",1,0,0,0,0,0
"1914",NA,0,0,0,0,0,0
"1915","zuten",0,0,1,0,0,0
"1916","hori",0,0,0,0,0,0
"1917",NA,0,0,0,0,0,0
"1918",NA,0,0,0,1,0,0
"1919","osasuntsuena zein politena",0,0,0,0,0,0
"1920","lodi egotea",0,0,0,1,0,0
"1921","dela",0,1,0,0,0,0
"1922","bai",0,0,0,0,0,0
"1923","zela",0,1,0,0,0,0
"1924","baur egun berriz",0,0,0,0,0,0
"1925","emakume modeloak",0,0,0,1,0,0
"1926","argalegiak",0,0,0,0,0,0
"1927","dira",0,1,0,0,0,0
"1928","eta",0,0,0,1,0,0
"1929","bihurgunerik bage",0,0,0,1,0,0
"1930","dira",0,1,0,0,0,0
"1931",NA,0,0,0,0,0,0
"1932","gizonaldean adibidez",0,0,0,0,0,0
"1933","ihartsuak zein",0,0,0,1,0,0
"1934","ilerik gabe",0,0,0,1,0,0
"1935","dira",0,1,0,0,0,0
"1936","eta",0,0,0,1,0,0
"1937","modelo",0,0,0,1,0,0
"1938","modelo hauek",0,0,0,0,0,0
"1939","nire ustez",0,0,0,0,0,0
"1940","eredu txarra",0,0,0,0,0,0
"1941","da",0,1,0,0,0,0
"1942",NA,0,0,0,0,0,0
"1943","batez ere gazteentzat",0,0,0,0,0,0
"1944","gorputz horiek lortzeko",0,0,0,0,0,0
"1945","basakeriak",0,0,0,0,0,0
"1946","egin",0,0,0,0,0,0
"1947","behar",1,0,0,0,0,0
"1948","dituzte",0,0,1,1,0,0
"1949","ba",0,0,0,1,1,0
"1950",NA,0,0,0,0,1,0
"1951","elikaduraren",0,0,0,1,0,0
"1952","arloan",0,0,0,0,0,0
"1953","edo",0,0,0,1,0,0
"1954","kirol",0,0,0,1,0,0
"1955","kirol arloan",0,0,0,0,0,0
"1956","zer",0,0,0,0,0,0
"1957","esan",0,0,0,0,0,0
"1958","nahi",1,0,0,0,0,0
"1959","dut",0,0,1,0,0,0
"1960","emakumen",0,0,0,1,0,0
"1961","gorputza",0,0,0,0,0,0
"1962","izateko",0,0,0,0,0,0
"1963","gazteek",0,0,0,0,0,0
"1964","batzuetan",0,0,0,0,0,0
"1965","oka",0,0,0,0,0,0
"1966","egiten",1,0,0,0,0,0
"1967","dute",0,0,1,0,0,0
"1968","jan",1,0,0,0,0,0
"1969","dutena",0,0,1,0,0,0
"1970","ez",0,0,0,0,0,0
"1971",NA,0,0,0,0,0,0
"1972","sendatzeko loditzeko",0,0,0,0,0,0
"1973","gero",0,0,0,0,0,0
"1974","gizona",0,0,0,1,0,0
"1975","gazte asko",0,0,0,0,0,0
"1976",NA,0,0,0,0,0,0
"1977","denbora",0,0,0,1,0,0
"1978","denbora pilo",0,0,0,0,0,0
"1979","ematen",1,0,0,0,0,0
"1980","dute",0,0,1,0,0,0
"1981","ginasioan",0,0,0,0,0,0
"1982","kirola egiteko gihartsuak egoteko",0,0,0,0,0,0
"1983","eta",0,0,0,1,0,0
"1984",NA,0,0,0,0,0,0
"1985",NA,0,0,0,0,0,0
"1986",NA,0,0,0,0,0,0
"1987","depilazioi osoa",0,0,0,0,0,0
"1988","egiten",1,0,0,0,0,0
"1989","dituzte",0,0,1,0,0,0
"1990","azken finean",0,0,0,0,0,0
"1991","horrekin",0,0,0,0,0,0
"1992","esan",0,0,0,0,0,0
"1993","nahi",1,0,0,0,0,0
"1994","dudana",0,0,1,0,0,0
"1995","da",0,1,0,0,0,0
"1996",NA,0,0,0,0,0,0
"1997","balio gehiegi",0,0,0,1,0,0
"1998","ematen",1,0,0,0,1,0
"1999","dutela",0,0,1,1,0,0
"2000","itxura fisikoa",0,0,0,0,0,0
"2001","hori dela eta",0,0,0,0,0,0
"2002","uste",1,0,0,0,0,0
"2003","dut",0,0,1,0,0,0
"2004","?",0,0,0,0,0,0
"2005","eredu mota hau",0,0,0,0,0,0
"2006","aldatu",0,0,0,0,0,0
"2007","beharko",1,0,0,1,0,0
"2008","genuke",0,0,1,0,1,0
"2009",NA,0,0,0,0,0,0
"2010","batez ere gazteei babesteko",0,0,0,1,0,0
"2011","haiek",0,0,0,0,0,0
"2012","oso hunkiberak",0,0,0,1,0,0
"2013","direnez",0,1,0,0,0,0
"2014","batzuetan",0,0,0,0,0,1
"2015","ez",0,0,0,0,0,1
"2016","dakite",0,1,0,0,0,1
"2017","ondo",0,0,0,1,0,1
"2018","ondo aukeratu",0,0,0,0,0,1
"2019","zer",0,0,0,0,0,0
"2020","den",0,1,0,0,0,0
"2021","ona",0,0,0,0,0,0
"2022","eta",0,0,0,0,0,0
"2023","zer",0,0,0,0,0,0
"2024","den",0,1,0,0,0,0
"2025","txarra",0,0,0,0,0,0
"2026",NA,0,0,0,0,0,0
"2027","tamalez",0,0,0,0,0,0
"2028","hedabideek",0,0,0,1,0,0
"2029",NA,0,0,0,1,0,0
"2030","ez",0,0,0,0,0,0
"2031","gazteengan",0,0,0,0,0,0
"2032","eragin handia",0,0,0,0,0,0
"2033","daukate",0,1,0,0,0,0
"2034","eta",0,0,0,1,0,0
"2035","beti",0,0,0,0,0,1
"2036","ez",0,0,0,0,0,1
"2037","da",0,1,0,1,0,1
"2038","ez",0,0,0,0,0,1
"2039","da",0,1,0,0,0,1
"2040","ona",0,0,0,0,0,1
"2041","eta bakarrik",0,0,0,1,0,1
"2042","gertzen",1,0,0,1,0,0
"2043",NA,0,0,0,0,0,0
"2044","hartzen",1,0,0,0,0,0
"2045","dira",0,0,1,0,0,0
"2046",NA,0,0,0,0,0,0
"2047","ikusgarriena",0,0,0,0,0,0
"2048","ez",0,0,0,1,0,0
"2049","gauzak",0,0,0,0,0,0
"2050","sakonagoak",0,0,0,0,0,0
"2051","edo",0,0,0,1,0,0
"2052","garrantzitsuagoak",0,0,0,0,0,0
"2053",NA,0,0,0,0,0,0
"2054","zaratari buruz",0,0,0,1,0,0
"2055","hitzegingo",1,0,0,0,1,0
"2056","dut",0,0,1,0,0,0
"2057","argi eta garbi",0,0,0,0,0,0
"2058","dago",0,1,0,0,0,0
"2059","mediterraneotik inguruan",0,0,0,0,0,0
"2060","bizi",1,0,0,1,0,0
"2061","garen",0,0,1,0,0,0
"2062","herrialdeok",0,0,0,0,0,0
"2063","zaratatsoagoak",0,0,0,1,0,0
"2064","garela",0,1,0,0,0,0
"2065","agian kultura",0,0,0,1,0,0
"2066","kulturagatik",0,0,0,0,0,0
"2067","baina jakin",0,0,0,1,0,0
"2068","badakigu",0,1,0,0,1,0
"2069","zarata",0,0,0,0,0,0
"2070","osasunerako",0,0,0,1,0,0
"2071","kaltegarria",0,0,0,0,0,0
"2072","dela",0,1,0,0,0,0
"2073",NA,0,0,0,0,0,0
"2074","gizartea",0,0,0,0,0,0
"2075","zarata",0,0,0,1,0,0
"2076","zarata iturri asko",0,0,0,1,1,0
"2077","daukagu",0,1,0,0,1,0
"2078","zirkulazioia lanak",0,0,0,0,0,0
"2079","?",0,0,0,0,0,0
"2080","zikulazioa lana",0,0,0,0,0,0
"2081","tabernak",0,0,0,0,0,0
"2082","ohikukak eta abar",0,0,0,0,0,0
"2083","ta",0,0,0,1,0,0
"2084","batzuk",0,0,0,0,0,0
"2085","edo hobeto esanda",0,0,0,1,0,0
"2086","gehienak",0,0,0,0,1,0
"2087","saiestu",1,0,0,1,0,0
"2088","daitezen",0,0,1,0,1,0
"2089","adibidez",0,0,0,0,0,0
"2090","tabernaetako zaratak",0,0,0,1,0,0
"2091","isolamendu on batekin",0,0,0,0,0,0
"2092",NA,0,0,0,0,0,0
"2093","asko",0,0,0,0,0,0
"2094","murriztu",1,0,0,1,0,0
"2095","daiteke",0,0,1,0,0,0
"2096","edo",0,0,0,0,0,0
"2097","daitezke",0,0,1,0,0,0
"2098","hobeto esanda",0,0,0,0,0,0
"2099","gainera",0,0,0,0,0,0
"2100","gure partez ere",0,0,0,1,0,0
"2101","zeozer",0,0,0,0,0,0
"2102","egin",1,0,0,1,0,0
"2103",NA,0,0,0,0,0,0
"2104","dezakegu",0,0,1,0,0,0
"2105","tabernaz taberna",0,0,0,0,0,0
"2106",NA,0,0,0,0,0,0
"2107","joan",0,0,0,0,0,0
"2108",NA,0,0,0,0,0,0
"2109","joan",1,0,0,0,0,0
"2110","garen",0,0,1,0,0,0
"2111","bakoitzean",0,0,0,0,0,0
"2112","isilik edo",0,0,0,1,0,0
"2113","ez",0,0,0,0,1,0
"2114","bozean",0,0,0,0,0,0
"2115","joan",1,0,0,0,0,0
"2116","gaitezke",0,0,1,0,0,0
"2117","gainera",0,0,0,0,0,0
"2118","gaueko zarata",0,0,0,0,0,0
"2119","oso desatsegina",0,0,0,0,0,0
"2120","da",0,1,0,0,0,0
"2121","lo",0,0,0,1,0,0
"2122",NA,0,0,0,0,0,0
"2123","lo",0,0,0,1,0,0
"2124","dauden",0,1,0,0,1,0
"2125",NA,0,0,0,0,0,0
"2126","pertsonak",0,0,0,0,0,0
"2127",NA,0,0,0,0,0,0
"2128","esna",1,0,0,1,0,0
"2129","esna",1,0,0,0,0,0
"2130","ditzakegu",0,0,1,0,0,0
"2131","eta zer esanik ez",0,0,0,0,0,0
"2132","?",0,0,0,0,0,0
"2133","zirkulazioa",0,0,0,0,0,0
"2134","ere",0,0,0,0,0,0
"2135","murriz",1,0,0,1,0,0
"2136","murriz",1,0,0,0,0,0
"2137","dezakegu",0,0,1,0,0,0
"2138","garraio publikoak erabiltzen",0,0,0,1,0,0
"2139","x",0,0,0,0,0,0
"2140","dena den",0,0,0,0,0,0
"2141","u dalak",0,0,0,1,0,0
"2142","bere",0,0,0,1,0,0
"2143","udalek",0,0,0,0,1,0
"2144","bere aldetik",0,0,0,0,0,0
"2145","jarri",0,0,0,0,0,0
"2146","behar",0,0,0,1,0,0
"2147","dute",0,0,1,0,0,0
"2148","zaborra",0,0,0,1,0,0
"2149","biltzen",1,0,0,0,0,0
"2150",NA,0,0,0,0,0,0
"2151","dituzten",0,0,1,0,0,0
"2152","zaborra",0,0,0,0,0,0
"2153","biltzen",1,0,0,0,0,0
"2154","duten",0,0,1,0,0,0
"2155","kamioiak k",0,0,0,0,0,0
"2156","isilagoak",0,0,0,0,0,0
"2157","edo",0,0,0,1,0,0
"2158","beste ordutegi batean",0,0,0,1,1,0
"2159","egin",1,0,0,0,1,0
"2160","dezakete",0,0,1,1,0,0
"2161","bere lana",0,0,0,1,1,0
"2162","hala eta guztiz ere",0,0,0,0,0,0
"2163","nire ustez",0,0,0,0,0,0
"2164","zarataren arazoa",0,0,0,1,0,0
"2165","begirune falta",0,0,0,1,1,0
"2166","da",0,1,0,0,1,0
"2167","ez",0,0,0,0,0,1
"2168","ez",0,0,0,0,0,1
"2169","dugu",0,0,1,1,0,1
"2170","pentsatzen",1,0,0,0,1,1
"2171","normalean",0,0,0,0,0,0
"2172","gure",0,0,0,1,0,0
"2173","doinua",0,0,0,0,0,0
"2174","beste pertson bat",0,0,0,1,0,0
"2175","molestatzen",1,0,0,1,0,0
"2176",NA,0,0,0,0,0,0
"2177","duela",0,0,1,0,0,0
"2178","hau da",0,0,0,0,0,0
"2179","asko",0,0,0,0,0,0
"2180","nabaritzen",1,0,0,0,0,0
"2181","da",0,0,1,0,0,0
"2182","gure",0,0,0,1,0,0
"2183","gure doinua +.",0,0,0,0,0,0
"2184","guk",0,0,0,0,0,0
"2185","esan",0,0,0,0,0,0
"2186","nahi",1,0,0,0,0,0
"2187","dudana",0,0,1,0,0,0
"2188","da",0,1,0,1,0,0
"2189","guk",0,0,0,0,0,0
"2190","hitzegi+",1,0,0,0,0,0
"2191","+ten",0,0,0,0,0,0
"2192","dugunean",0,0,0,0,0,0
"2193","gure donua",0,0,0,0,0,0
"2194","oso altua",0,0,0,0,0,0
"2195","da",0,1,0,0,0,0
"2196","beste herraildeko biztanleen aldean",0,0,0,1,0,0
"2197","bai",0,0,0,0,0,0
"2198","horregatik",0,0,0,0,0,1
"2199","nik",0,0,0,0,0,1
"2200",NA,0,0,0,0,0,1
"2201","ni",0,0,0,0,0,1
"2202","zorrotzagoa",0,0,0,0,0,1
"2203","izango",1,0,0,1,0,1
"2204","nintzateke",0,0,1,0,1,1
"2205","eta gehiago",0,0,0,0,0,1
"2206","zigortuko",1,0,0,0,0,1
"2207","nuke",0,0,1,0,0,1
"2208","zarata sor+",0,0,0,0,0,1
"2209","+tzaile",0,0,0,1,0,1
"2210","nituzke",0,0,1,0,0,1
"2211","zarata sortzaileak",0,0,0,0,0,1
"2212",NA,0,0,0,0,0,1
"2213","garai batean",0,0,0,0,0,1
"2214","adopzioia",0,0,0,0,0,1
"2215","ez",0,0,0,0,0,1
"2216",NA,0,0,0,0,0,1
"2217","adopzioa",0,0,0,0,0,1
"2218","ez",0,0,0,0,0,1
"2219","zegoen",0,1,0,0,0,1
"2220","batere zabalduta",0,0,0,0,0,1
"2221","bakarrik",0,0,0,0,0,0
"2222","abera+",0,0,0,1,0,0
"2223","+tsek",0,0,0,0,0,0
"2224","adoptatzen",1,0,0,1,0,0
"2225","zuten",0,0,1,0,0,0
"2226","edo",0,0,0,0,0,0
"2227","ugal+",0,0,0,1,0,0
"2228","+tzeko",0,0,0,0,0,0
"2229","arazoak",0,0,0,0,0,0
"2230",NA,0,0,0,1,0,0
"2231","zeuzkaten+",0,1,0,0,0,0
"2232","+nak",0,0,0,0,0,0
"2233","+nek",0,0,0,0,0,0
"2234","XX",0,0,0,0,0,1
"2235","gainera",0,0,0,0,0,1
"2236","nahiko garestia",0,0,0,1,0,0
"2237","zenez",0,1,0,0,0,0
"2238","familia gehienek",0,0,0,0,0,1
"2239","ezin",0,0,0,0,0,1
"2240","zuten",0,0,1,1,0,1
"2241","hori",0,0,0,0,1,1
"2242","hori",0,0,0,0,0,1
"2243","egin",1,0,0,0,0,1
"2244","XX",0,0,0,0,0,1
"2245","arazo +",0,0,0,1,0,0
"2246","+ asko",0,0,0,0,0,0
"2247","zeukatela+",0,1,0,1,0,0
"2248","zeu+",0,1,0,0,0,0
"2249","+ katelako",0,0,0,0,0,0
"2250","jateko",0,0,0,0,0,1
"2251","haiek berak jateko",0,0,0,0,0,1
"2252","baina gaur egun",0,0,0,0,0,0
"2253","desberdina",0,0,0,0,0,0
"2254","da",0,1,0,0,0,0
"2255","normalean",0,0,0,0,0,1
"2256","diru",0,0,0,1,0,1
"2257","diru arazoak",0,0,0,0,0,1
"2258","ez",0,0,0,0,0,1
"2259","ez",0,0,0,0,0,1
"2260",NA,0,0,0,0,0,1
"2261","ez",0,0,0,0,0,1
"2262","dauzkagunez",0,1,0,0,0,1
"2263","eta",0,0,0,1,0,0
"2264","bizi kalitatea",0,0,0,0,0,0
"2265","igo",1,0,0,0,0,0
"2266","denez",0,0,1,0,0,0
"2267","jasan",1,0,0,0,0,0
"2268","dezakegu",0,0,1,0,0,0
"2269","adopzioi bat egitea ala ez",0,0,0,0,0,0
"2270",NA,0,0,0,0,0,0
"2271","gainera tamalez",0,0,0,0,0,0
"2272","gero eta familia gehiago",0,0,0,1,0,0
"2273","arazoak",0,0,0,0,0,0
"2274","dauzkate",0,1,0,0,0,0
"2275","ugaltzeko",0,0,0,0,0,0
"2276","hori dela eta",0,0,0,0,0,0
"2277","adopzioia",0,0,0,0,0,0
"2278","adopzioa",0,0,0,0,0,0
"2279","igo",1,0,0,1,0,0
"2280","igo",1,0,0,0,0,0
"2281","dira",0,0,1,0,0,0
"2282",NA,0,0,0,0,0,0
"2283","bale",0,0,0,0,0,0
"2284","X",0,0,0,0,0,0
"2285","ah",0,0,0,0,0,0
"2286","bale",0,0,0,0,0,0
"2287","hori dela eta",0,0,0,0,0,0
"2288","adopzioak",0,0,0,0,0,0
"2289","igo",1,0,0,0,0,0
"2290","dira",0,0,1,0,0,0
"2291","eta",0,0,0,1,0,0
"2292",NA,0,0,0,0,0,0
"2293","ikus",1,0,0,0,0,0
"2294","dezakegunez",0,0,1,0,0,0
"2295","gure herria",0,0,0,0,0,0
"2296","+etan",0,0,0,0,0,0
"2297","erreza",0,0,0,0,0,0
"2298","da",0,1,0,0,0,0
"2299","ikustea",0,0,0,0,0,0
"2300","familiaren bat",0,0,0,0,0,0
"2301","adoptatu",1,0,0,0,0,0
"2302","ume bat",0,0,0,0,0,0
"2303","adoptatu",1,0,0,1,0,0
"2304","duela",0,0,1,1,0,0
"2305","are gehiago",0,0,0,0,0,0
"2306","uste",1,0,0,0,0,0
"2307","dut",0,0,1,0,0,0
"2308","momentu honetan moda",0,0,0,1,0,0
"2309","modan",0,0,0,0,0,0
"2310","dagoela",0,1,0,0,0,0
"2311","orain dela hamar urte",0,0,0,0,0,0
"2312","ikusi",1,0,0,1,0,0
"2313","genuen",0,0,1,0,1,0
"2314","neska txinatar asko",0,0,0,1,0,0
"2315",NA,0,0,0,0,0,0
"2316","gure hiri+",0,0,0,0,0,0
"2317","hirietan",0,0,0,0,0,0
"2318","eta orain adibidez",0,0,0,0,0,0
"2319","modan",0,0,0,0,0,0
"2320","dagoena",0,1,0,0,0,0
"2321","da",0,1,0,0,0,0
"2322","mutil errusiako bat",0,0,0,0,0,0
"2323","baina",0,0,0,1,0,0
"2324","egoera hau",0,0,0,0,1,0
"2325","oso txarto",0,0,0,0,0,0
"2326","iruditzen",1,0,0,0,0,0
"2327","zait",0,0,1,0,0,0
"2328","umeak adoptatzea",0,0,0,0,0,1
"2329","ez",0,0,0,1,0,1
"2330","ez",0,0,0,0,0,1
"2331","da",0,1,0,0,0,1
"2332","modarenkontu+",0,0,0,1,0,1
"2333","+ kontu bat",0,0,0,0,0,1
"2334",NA,0,0,0,0,0,1
"2335","+kontua",0,0,0,0,0,1
"2336","ezin",0,0,0,1,0,1
"2337","ezin",0,0,0,0,0,1
"2338","ezin",0,0,0,0,0,1
"2339",NA,0,0,0,0,0,1
"2340","ezin",0,0,0,0,0,1
"2341","da",0,1,0,1,0,1
"2342","ezin",0,0,0,0,1,1
"2343","dira",0,1,0,0,0,1
"2344","umeak",0,0,0,0,0,1
"2345","erabili",1,0,0,0,0,1
"2346","gure nahiak betetzeko",0,0,0,0,0,1
"2347","umeek",0,0,0,0,0,0
"2348","sentimenduak",0,0,0,0,0,0
"2349","eskubideak",0,0,0,0,0,0
"2350","eta",0,0,0,1,0,0
"2351","beharizanak",0,0,0,0,0,0
"2352",NA,0,0,0,0,0,0
"2353",NA,0,0,0,0,0,0
"2354","dauzkatenez",0,1,0,1,0,0
"2355",NA,0,0,0,0,0,1
"2356","ez",0,0,0,0,0,1
"2357","dira",0,1,0,0,0,1
"2358","izaterik",0,0,0,0,0,1
"2359",NA,0,0,0,1,0,1
"2360","txakur bezala",0,0,0,0,1,1
"2361","gure",0,0,0,1,0,1
"2362","nahiak",0,0,0,0,0,1
"2363","betetzeko",0,0,0,0,0,1
"2364","horregatik",0,0,0,0,0,0
"2365","adoptatu aurretik",0,0,0,0,0,0
"2366","ondo",0,0,0,0,0,0
"2367","aztertuko",1,0,0,0,0,0
"2368","nuke",0,0,1,0,0,0
"2369","nituzke",0,0,1,0,0,0
"2370","bikoteak",0,0,0,0,0,0
"2371","jakiteko",0,0,0,0,0,0
"2372","nola",0,0,0,1,0,0
"2373","diren",0,1,0,0,0,0
"2374","eta",0,0,0,1,0,0
"2375","jakiteko",0,0,0,0,0,0
"2376","baimena",0,0,0,1,0,0
"2377","merezi",1,0,0,1,0,0
"2378","duten",0,0,1,0,0,0
"2379","baina",0,0,0,1,0,0
"2380","ez",0,0,0,0,0,0
"2381","adoptatu",0,0,0,1,0,0
"2382","baina",0,0,0,0,0,0
"2383",NA,0,0,0,0,0,0
"2384","baina ez adoptatu aurretik",0,0,0,1,0,0
"2385","ezezik adoptatu aurretik",0,0,0,0,0,0
"2386","adoptatu ondoren ere",0,0,0,0,0,0
"2387","kontrol",0,0,0,0,0,0
"2388","kon+",0,0,0,0,0,0
"2389","+trolatu",0,0,0,1,0,0
"2390","beharko",1,0,0,1,0,0
"2391","beharko",1,0,0,0,0,0
"2392","genuke",0,0,1,0,0,0
"2393","jakiteko",0,0,0,1,0,0
"2394","betebeharrak",0,0,0,0,0,0
"2395","betetzen",1,0,0,1,0,0
"2396","duten",0,0,1,0,0,0
"2397","ala",0,0,0,1,0,0
"2398","dituzten",0,0,1,0,0,0
"2399","ala ez",0,0,0,0,0,0
"2400","hau da",0,0,0,0,0,0
"2401",NA,0,0,0,0,0,0
"2402","adoptatuko",1,0,0,1,0,0
"2403","duten",0,0,1,0,1,0
"2404","k gurasoek",0,0,0,0,0,0
"2405","bete",0,0,0,0,0,0
"2406","behar",1,0,0,1,0,0
"2407","dituzte",0,0,1,0,1,0
"2408","umeen+",0,0,0,0,0,0
"2409","+beharizan+",0,0,0,1,0,0
"2410","+ak",0,0,0,0,0,0
"2411",NA,0,0,0,0,0,0
"2412","bai",0,0,0,0,0,0
"2413","dituzten",0,0,1,0,0,0
"2414",NA,0,0,0,0,0,0
"2415","umeen beharrizanak",0,0,0,0,0,0
"2416","ez bakarrik hasieran",0,0,0,0,0,0
"2417","baizik eta",0,0,0,1,0,0
"2418","bizitza",0,0,0,1,0,0
"2419",NA,0,0,0,0,1,0
"2420","osoan",0,0,0,1,0,0
"2421","behintzat",0,0,0,0,0,0
"2422","autonomoak izan arte",0,0,0,0,0,0
"2423","horrela",0,0,0,0,0,0
"2424","aseguratuko",1,0,0,1,0,0
"2425","ginateke",0,0,1,0,0,0
"2426","m",0,0,0,0,0,0
"2427","genuke ?",0,0,0,0,0,0
"2428","aseguratuko",1,0,0,0,0,0
"2429","genuke",0,0,1,0,0,0
"2430","ume",0,0,0,1,0,0
"2431","umeak",0,0,0,0,0,0
"2432","benetako +",0,0,0,0,0,0
"2433","+familia bat",0,0,0,0,0,0
"2434","izango",1,0,0,1,0,0
"2435","dela",0,0,1,0,0,0
"2436","umeek",0,0,0,0,0,0
"2437","benetako familia",0,0,0,0,0,0
"2438","izango",1,0,0,0,0,0
"2439","dutela",0,0,1,0,0,0
"2440","ta ia",0,0,0,0,0,0
"2441","bueno",0,0,0,0,0,0
"2442","ezer iritzi baino lehen",0,0,0,0,0,0
"2443",NA,0,0,0,0,0,0
"2444","nire ustez",0,0,0,0,0,0
"2445","loditasuna",0,0,0,0,0,0
"2446","gaisotasun larria",0,0,0,1,0,0
"2447","dela",0,1,0,0,0,0
"2448","da",0,1,0,0,0,0
"2449","osasunerako",0,0,0,0,0,0
"2450","ondorio txarrak",0,0,0,0,0,0
"2451","dauzka",0,1,0,1,0,0
"2452","dauzkalako",0,1,0,0,0,0
"2453","horregatik",0,0,0,0,0,0
"2454","loditasuna",0,0,0,0,0,0
"2455","saiesteko",0,0,0,0,0,0
"2456","elikadura",0,0,0,0,0,0
"2457","garrantzitsua baino garrantzitsua",0,0,0,0,0,0
"2458","iruditzen",1,0,0,0,0,0
"2459","zait",0,0,1,0,0,0
"2460","baina tamalez",0,0,0,0,0,1
"2461","egungo jakiak",0,0,0,1,0,1
"2462","ta egungo elikagaiak",0,0,0,1,0,1
"2463","ez",0,0,0,0,0,1
"2464","ez",0,0,0,0,0,1
"2465","da",0,1,0,1,0,1
"2466","ez",0,0,0,0,1,1
"2467","dira",0,1,0,0,0,1
"2468","batere",0,0,0,0,0,1
"2469","osasuntsu +",0,0,0,1,0,1
"2470","osasuntsuak",0,0,0,0,0,1
"2471","ta",0,0,0,1,0,0
"2472",NA,0,0,0,0,0,0
"2473","batez ere",0,0,0,0,0,0
"2474","elikadura",0,0,0,0,0,0
"2475","ez",0,0,0,0,0,0
"2476","dela",0,1,0,0,0,0
"2477",NA,0,0,0,0,0,0
"2478","ez",0,0,0,0,0,0
"2479","dela",0,1,0,0,0,0
"2480","batere",0,0,0,1,0,0
"2481","orekatu +",0,0,0,1,0,0
"2482",NA,0,0,0,0,0,0
"2483","ez",0,0,0,0,0,0
"2484","dago",0,1,0,0,0,0
"2485","batere orekatuta",0,0,0,1,0,0
"2486","alde batetik",0,0,0,0,0,0
"2487","normalean+",0,0,0,0,0,0
"2488","bueno alde batetik",0,0,0,0,0,0
"2489","orduz kanpo",0,0,0,0,0,0
"2490","jaten",1,0,0,0,0,0
"2491","dugun",0,0,1,0,0,0
"2492","duguna",0,0,1,0,0,0
"2493","gose",0,0,0,1,0,0
"2494","garelako",0,0,1,0,1,0
"2495","eta",0,0,0,1,0,0
"2496","batzuetan",0,0,0,0,0,0
"2497","ba",0,0,0,1,0,0
"2498","hori",0,0,0,0,1,0
"2499","opilak edo",0,0,0,1,0,0
"2500","gozokiak",0,0,0,0,0,0
"2501","orduan",0,0,0,0,0,0
"2502","jaki hauek",0,0,0,0,0,0
"2503","ez",0,0,0,0,0,0
"2504","dira",0,1,0,1,0,0
"2505","komenigarriak",0,0,0,0,0,0
"2506","bestetik",0,0,0,0,0,0
"2507","gero eta janari+",0,0,0,1,0,0
"2508","+azkar gehiago",0,0,0,0,0,0
"2509","jaten",1,0,0,1,0,0
"2510","dugu",0,0,1,0,1,0
"2511","eta",0,0,0,1,0,0
"2512","janari mota hau",0,0,0,0,0,0
"2513",NA,0,0,0,0,0,0
"2514","kaloriak +",0,0,0,0,0,0
"2515",NA,0,0,0,0,0,0
"2516","+gehiegi",0,0,0,1,0,0
"2517","dauzka",0,1,0,0,1,0
"2518","dauzkate",0,1,0,0,0,0
"2519","eta",0,0,0,1,0,0
"2520","sustantzia kimiko",0,0,0,1,0,0
"2521","ere",0,0,0,0,0,0
"2522","horretaz gain",0,0,0,0,0,0
"2523","elikadura",0,0,0,1,0,0
"2524","elikaduraz gain",0,0,0,0,0,0
"2525","ariketa fisiko eza",0,0,0,0,0,0
"2526","zer ikusi",0,0,0,1,0,0
"2527","zerikusi",0,0,0,0,0,0
"2528","dauka",0,1,0,0,0,0
"2529","soberan",0,0,0,0,0,0
"2530","dauzkagun",0,1,0,0,0,0
"2531",NA,0,0,0,0,0,0
"2532","kaloriak",0,0,0,0,0,0
"2533","ezinbestekoa",0,0,0,1,0,0
"2534","da",0,1,0,0,1,0
"2535","kirola egitea",0,0,0,0,0,0
"2536","kaloriak erretzeko",0,0,0,1,0,0
"2537","baina",0,0,0,0,0,0
"2538","gaur egungo gazteek",0,0,0,0,0,0
"2539","adibidez",0,0,0,0,0,0
"2540","oso gutxi",0,0,0,0,0,0
"2541","mugitzen",1,0,0,0,0,0
"2542","dira",0,0,1,0,0,0
"2543","oso+",0,0,0,0,0,1
"2544","ez",0,0,0,0,0,1
"2545","dute",0,0,1,1,0,1
"2546","kirol asko",0,0,0,0,0,1
"2547","egiten",1,0,0,0,0,1
"2548","egun osoa",0,0,0,0,0,0
"2549","daude",0,1,0,1,0,0
"2550",NA,0,0,0,0,0,0
"2551","egun osoa",0,0,0,0,0,0
"2552","dauden",0,1,0,0,0,0
"2553","bideo jokoak+",0,0,0,0,0,0
"2554","bideo jokoarekin edo",0,0,0,1,0,0
"2555","bideo jokoan jokatzen",0,0,0,1,1,0
"2556","are gehiago",0,0,0,0,0,0
"2557",NA,0,0,0,0,0,0
"2558","jokatu bitartean",0,0,0,0,0,0
"2559","litxarreriak",0,0,0,0,0,0
"2560","asko",0,0,0,0,0,0
"2561","jaten",1,0,0,1,0,0
"2562","dituzte",0,0,1,0,0,0
"2563","beraz",0,0,0,0,0,0
"2564","arazo honi irtenbide bat emateko",0,0,0,0,0,0
"2565","gero eta larriagoa",0,0,0,0,0,0
"2566","delako",0,1,0,0,0,0
"2567","elikaduraren +",0,0,0,0,0,0
"2568",NA,0,0,0,0,0,0
"2569","+ohiturak",0,0,0,0,0,0
"2570","aldatu",0,0,0,0,0,0
"2571",NA,0,0,0,0,0,0
"2572","aldatu edo berreskuratu",0,0,0,0,0,0
"2573","behar",1,0,0,1,0,0
"2574","dugu",0,0,1,0,1,0
"2575","beharko",1,0,0,0,0,0
"2576","ditugu",0,0,1,0,0,0
"2577","dieta+",0,0,0,1,0,0
"2578","+mediterraneo",0,0,0,0,0,0
"2579","edo",0,0,0,0,0,0
"2580","mediterraneoko dieta",0,0,0,0,0,0
"2581","aditu guztiak",0,0,0,0,0,0
"2582","esan",1,0,0,0,0,0
"2583","duten",0,0,1,0,0,0
"2584",NA,0,0,0,0,0,0
"2585","adituek guztiek+",0,0,0,0,0,0
"2586","aditu guztiek",0,0,0,0,0,0
"2587","esan",1,0,0,0,0,0
"2588","duten",0,0,1,0,0,0
"2589","bezala",0,0,0,0,0,0
"2590","nahiko+",0,0,0,1,0,0
"2591","+ona",0,0,0,0,0,0
"2592","da",0,0,1,0,0,0
"2593",NA,0,0,0,0,0,0
"2594","osasuntsua",0,0,0,1,0,0
"2595","dela",0,1,0,0,1,0
"2596","eta beste aldetik",0,0,0,0,0,0
"2597",NA,0,0,0,0,0,0
"2598","janari azkarraren zergak",0,0,0,0,0,0
"2599","igoko",1,0,0,1,0,0
"2600","igo",0,0,0,0,0,0
"2601","beharko",1,0,0,1,0,0
"2602","dugu",0,0,1,0,0,0
"2603","betiko janaria",0,0,0,0,0,0
"2604","merkeagoa egiteko",0,0,0,1,0,0
"2605",NA,0,0,0,0,0,0
"2606","janari azkarraren alde",0,0,0,0,0,0
"2607","ba",0,0,0,1,0,0
"2608","honekin",0,0,0,0,0,0
"2609","familiei",0,0,0,0,0,0
"2610","bultzatuko",1,0,0,1,0,0
"2611","dugu",0,0,1,0,0,0
"2612","hori elikadura on bat",0,0,0,1,0,0
"2613",NA,0,0,0,0,0,0
"2614","egitera",0,0,0,0,0,0
"2615","egiteko",0,0,0,0,0,0
